id,name,type,parentId,longitude,latitude
1,中国,1,0,,
2,蒙古,1,0,,
3,朝鲜,1,0,,
4,韩国,1,0,,
5,日本,1,0,,
6,菲律宾,1,0,,
7,越南,1,0,,
8,老挝,1,0,,
9,柬埔寨,1,0,,
10,缅甸,1,0,,
11,泰国,1,0,,
12,马来西亚,1,0,,
13,文莱,1,0,,
14,新加坡,1,0,,
15,印度尼西亚,1,0,,
16,东帝汶,1,0,,
17,尼泊尔,1,0,,
18,不丹,1,0,,
19,孟加拉国,1,0,,
20,印度,1,0,,
21,巴基斯坦,1,0,,
22,斯里兰卡,1,0,,
23,马尔代夫,1,0,,
24,哈萨克斯坦,1,0,,
25,吉尔吉斯斯坦,1,0,,
26,塔吉克斯坦,1,0,,
27,乌兹别克斯坦,1,0,,
28,土库曼斯坦,1,0,,
29,阿富汗,1,0,,
30,伊拉克,1,0,,
31,伊朗,1,0,,
32,叙利亚,1,0,,
33,约旦,1,0,,
34,黎巴嫩,1,0,,
35,以色列,1,0,,
36,巴勒斯坦,1,0,,
37,沙特阿拉伯,1,0,,
38,巴林,1,0,,
39,卡塔尔,1,0,,
40,科威特,1,0,,
41,阿拉伯联合酋长国,1,0,,
42,阿曼,1,0,,
43,也门,1,0,,
44,格鲁吉亚,1,0,,
45,亚美尼亚,1,0,,
46,阿塞拜疆,1,0,,
47,土耳其,1,0,,
48,塞浦路斯,1,0,,
49,芬兰,1,0,,
50,瑞典,1,0,,
51,挪威,1,0,,
52,冰岛,1,0,,
53,丹麦,1,0,,
54,爱沙尼亚,1,0,,
55,拉脱维亚,1,0,,
56,立陶宛,1,0,,
57,白俄罗斯,1,0,,
58,俄罗斯,1,0,,
59,乌克兰,1,0,,
60,摩尔多瓦,1,0,,
61,波兰,1,0,,
62,捷克,1,0,,
63,斯洛伐克,1,0,,
64,匈牙利,1,0,,
65,德国,1,0,,
66,奥地利,1,0,,
67,瑞士,1,0,,
68,列支敦士登,1,0,,
69,英国,1,0,,
70,爱尔兰,1,0,,
71,荷兰,1,0,,
72,比利时,1,0,,
73,卢森堡,1,0,,
74,法国,1,0,,
75,摩纳哥,1,0,,
76,罗马尼亚,1,0,,
77,保加利亚,1,0,,
78,塞尔维亚,1,0,,
79,马其顿,1,0,,
80,阿尔巴尼亚,1,0,,
81,希腊,1,0,,
82,斯洛文尼亚,1,0,,
83,克罗地亚,1,0,,
84,波斯尼亚和墨塞哥维那,1,0,,
85,意大利,1,0,,
86,梵蒂冈,1,0,,
87,圣马力诺,1,0,,
88,马耳他,1,0,,
89,西班牙,1,0,,
90,葡萄牙,1,0,,
91,安道尔共和国,1,0,,
92,埃及,1,0,,
93,利比亚,1,0,,
94,苏丹,1,0,,
95,突尼斯,1,0,,
96,阿尔及利亚,1,0,,
97,摩洛哥,1,0,,
98,亚速尔群岛,1,0,,
99,马德拉群岛,1,0,,
100,埃塞俄比亚,1,0,,
101,厄立特里亚,1,0,,
102,索马里,1,0,,
103,吉布提,1,0,,
104,肯尼亚,1,0,,
105,坦桑尼亚,1,0,,
106,乌干达,1,0,,
107,卢旺达,1,0,,
108,布隆迪,1,0,,
109,塞舌尔,1,0,,
110,圣多美及普林西比,1,0,,
111,塞内加尔,1,0,,
112,冈比亚,1,0,,
113,马里,1,0,,
114,布基纳法索,1,0,,
115,几内亚,1,0,,
116,几内亚比绍,1,0,,
117,佛得角,1,0,,
118,塞拉利昂,1,0,,
119,利比里亚,1,0,,
120,科特迪瓦,1,0,,
121,加纳,1,0,,
122,多哥,1,0,,
123,贝宁,1,0,,
124,尼日尔,1,0,,
125,加那利群岛,1,0,,
126,赞比亚,1,0,,
127,安哥拉,1,0,,
128,津巴布韦,1,0,,
129,马拉维,1,0,,
130,莫桑比克,1,0,,
131,博茨瓦纳,1,0,,
132,纳米比亚,1,0,,
133,南非,1,0,,
134,斯威士兰,1,0,,
135,莱索托,1,0,,
136,马达加斯加,1,0,,
137,科摩罗,1,0,,
138,毛里求斯,1,0,,
139,留尼旺,1,0,,
140,圣赫勒拿,1,0,,
141,澳大利亚,1,0,,
142,新西兰,1,0,,
143,巴布亚新几内亚,1,0,,
144,所罗门群岛,1,0,,
145,瓦努阿图共和国,1,0,,
146,密克罗尼西亚,1,0,,
147,马绍尔群岛,1,0,,
148,帕劳,1,0,,
149,瑙鲁,1,0,,
150,基里巴斯,1,0,,
151,图瓦卢,1,0,,
152,萨摩亚,1,0,,
153,斐济,1,0,,
154,汤加,1,0,,
155,库克群岛,1,0,,
156,关岛,1,0,,
157,新喀里多尼亚,1,0,,
158,法属波利尼西亚,1,0,,
159,皮特凯恩岛,1,0,,
160,瓦利斯与富图纳,1,0,,
161,纽埃,1,0,,
162,托克劳,1,0,,
163,美属萨摩亚,1,0,,
164,北马里亚纳,1,0,,
165,加拿大,1,0,,
166,美国,1,0,,
167,墨西哥,1,0,,
168,格陵兰,1,0,,
169,危地马拉,1,0,,
170,伯利兹,1,0,,
171,萨尔瓦多,1,0,,
172,洪都拉斯,1,0,,
173,尼加拉瓜,1,0,,
174,哥斯达黎加,1,0,,
175,巴拿马,1,0,,
176,巴哈马,1,0,,
177,古巴,1,0,,
178,牙买加,1,0,,
179,海地,1,0,,
180,多米尼加共和国,1,0,,
181,安提瓜和巴布达,1,0,,
182,圣基茨和尼维斯,1,0,,
183,多米尼克,1,0,,
184,圣卢西亚,1,0,,
185,圣文森特和格林纳丁斯,1,0,,
186,格林纳达,1,0,,
187,巴巴多斯,1,0,,
188,特立尼达和多巴哥,1,0,,
189,波多黎各,1,0,,
190,英属维尔京群岛,1,0,,
191,美属维尔京群岛,1,0,,
192,安圭拉,1,0,,
193,蒙特塞拉特岛,1,0,,
194,瓜德罗普,1,0,,
195,马提尼克,1,0,,
196,荷属安的列斯,1,0,,
197,阿鲁巴,1,0,,
198,特克斯和凯科斯群岛,1,0,,
199,开曼群岛,1,0,,
200,百慕大,1,0,,
201,哥伦比亚,1,0,,
202,委内瑞拉,1,0,,
203,圭亚那,1,0,,
204,法属圭亚那,1,0,,
205,苏里南,1,0,,
206,厄瓜多尔,1,0,,
207,秘鲁,1,0,,
208,玻利维亚,1,0,,
209,巴西,1,0,,
210,智利,1,0,,
211,阿根廷,1,0,,
212,乌拉圭,1,0,,
213,巴拉圭,1,0,,
214,波黑,1,0,,
215,直布罗陀,1,0,,
216,新喀里多尼亚群岛,1,0,,
217,瓦利斯和富图纳群岛,1,0,,
218,泽西岛,1,0,,
219,黑山,1,0,,
220,英属马恩岛,1,0,,
221,尼日利亚,1,0,,
222,喀麦隆,1,0,,
223,加蓬,1,0,,
224,乍得,1,0,,
225,刚果共和国,1,0,,
226,中非共和国,1,0,,
227,南苏丹,1,0,,
228,赤道几内亚,1,0,,
229,毛里塔尼亚,1,0,,
230,刚果民主共和国,1,0,,
231,留尼汪岛,1,0,,
232,格陵兰岛,1,0,,
233,法罗群岛,1,0,,
234,根西岛,1,0,,
235,百慕大群岛,1,0,,
236,圣皮埃尔和密克隆群岛,1,0,,
237,法属圣马丁,1,0,,
238,奥兰群岛,1,0,,
239,北马里亚纳群岛,1,0,,
240,库拉索,1,0,,
241,博内尔岛,1,0,,
242,圣马丁岛,1,0,,
243,圣巴泰勒米岛,1,0,,
244,福克兰群岛,1,0,,
245,圣多美和普林西比,1,0,,
246,英属印度洋领地,1,0,,
247,东萨摩亚,1,0,,
248,诺福克岛,1,0,,
110000,北京市,2,1,116.407387,39.904179
120000,天津市,2,1,117.201509,39.085318
130000,河北省,2,1,114.530399,38.037707
140000,山西省,2,1,112.578781,37.813948
150000,内蒙古自治区,2,1,111.765226,40.818233
210000,辽宁省,2,1,123.435093,41.836743
220000,吉林省,2,1,125.325802,43.896942
230000,黑龙江省,2,1,126.661998,45.742253
310000,上海市,2,1,121.473667,31.230525
320000,江苏省,2,1,118.763563,32.061377
330000,浙江省,2,1,120.152575,30.266619
340000,安徽省,2,1,117.330139,31.734559
350000,福建省,2,1,119.296194,26.101082
360000,江西省,2,1,115.816587,28.637234
370000,山东省,2,1,117.020725,36.670201
410000,河南省,2,1,113.753094,34.767052
420000,湖北省,2,1,114.341552,30.546222
430000,湖南省,2,1,112.982951,28.116007
440000,广东省,2,1,113.266887,23.133306
450000,广西壮族自治区,2,1,108.327537,22.816659
460000,海南省,2,1,110.348781,20.018639
500000,重庆市,2,1,106.551787,29.56268
510000,四川省,2,1,104.076452,30.651696
520000,贵州省,2,1,106.705251,26.600328
530000,云南省,2,1,102.709372,25.046432
540000,西藏自治区,2,1,91.117449,29.648694
610000,陕西省,2,1,108.953939,34.266611
620000,甘肃省,2,1,103.826777,36.060634
630000,青海省,2,1,101.780482,36.622538
640000,宁夏回族自治区,2,1,106.258889,38.472273
650000,新疆维吾尔自治区,2,1,87.628579,43.793301
110100,北京市,3,110000,116.405285,39.904989
120100,天津市,3,120000,117.190182,39.125596
130100,石家庄市,3,130000,114.514976,38.042007
130200,唐山市,3,130000,118.180149,39.63068
130300,秦皇岛市,3,130000,119.52022,39.888243
130400,邯郸市,3,130000,114.53915,36.625849
130500,邢台市,3,130000,114.49742,37.060227
130600,保定市,3,130000,115.464523,38.874476
130700,张家口市,3,130000,114.885895,40.768931
130800,承德市,3,130000,117.962749,40.952942
130900,沧州市,3,130000,116.838715,38.304676
131000,廊坊市,3,130000,116.683546,39.538304
131100,衡水市,3,130000,115.668987,37.739367
140100,太原市,3,140000,112.549656,37.870451
140200,大同市,3,140000,113.366749,40.09711
140300,阳泉市,3,140000,113.580426,37.857094
140400,长治市,3,140000,113.117394,36.195142
140500,晋城市,3,140000,112.852022,35.491315
140600,朔州市,3,140000,112.432906,39.331734
140700,晋中市,3,140000,112.752633,37.688006
140800,运城市,3,140000,111.007051,35.02667
140900,忻州市,3,140000,112.734149,38.415958
141000,临汾市,3,140000,111.51931,36.088581
141100,吕梁市,3,140000,111.14454,37.518996
150100,呼和浩特市,3,150000,111.748814,40.842127
150200,包头市,3,150000,109.95315,40.621327
150300,乌海市,3,150000,106.79415,39.655048
150400,赤峰市,3,150000,118.887613,42.256876
150500,通辽市,3,150000,122.243309,43.653566
150600,鄂尔多斯市,3,150000,109.782473,39.608744
150700,呼伦贝尔市,3,150000,119.77845,49.166536
150800,巴彦淖尔市,3,150000,107.387767,40.742987
150900,乌兰察布市,3,150000,113.132227,40.994526
152200,兴安盟,3,150000,122.037796,46.082373
152500,锡林郭勒盟,3,150000,116.047387,43.933212
152900,阿拉善盟,3,150000,105.729135,38.851554
210100,沈阳市,3,210000,123.464675,41.677576
210200,大连市,3,210000,121.614786,38.913962
210300,鞍山市,3,210000,122.994183,41.108239
210400,抚顺市,3,210000,123.957053,41.881311
210500,本溪市,3,210000,123.766669,41.294123
210600,丹东市,3,210000,124.354419,40.000646
210700,锦州市,3,210000,121.126859,41.096114
210800,营口市,3,210000,122.219148,40.625027
210900,阜新市,3,210000,121.670052,42.022028
211000,辽阳市,3,210000,123.239669,41.267396
211100,盘锦市,3,210000,122.170729,40.71956
211200,铁岭市,3,210000,123.726008,42.223709
211300,朝阳市,3,210000,120.488801,41.601855
211400,葫芦岛市,3,210000,120.836783,40.710974
220100,长春市,3,220000,125.323643,43.816996
220200,吉林市,3,220000,126.549719,43.838132
220300,四平市,3,220000,124.350599,43.166764
220400,辽源市,3,220000,125.144676,42.887961
220500,通化市,3,220000,125.939721,41.728312
220600,白山市,3,220000,126.414274,41.944132
220700,松原市,3,220000,124.825321,45.14191
220800,白城市,3,220000,122.838102,45.620131
222400,延边朝鲜族自治州,3,220000,129.470605,42.909426
230100,哈尔滨市,3,230000,126.53505,45.802981
230200,齐齐哈尔市,3,230000,123.918193,47.354892
230300,鸡西市,3,230000,130.969385,45.295087
230400,鹤岗市,3,230000,130.297687,47.350659
230500,双鸭山市,3,230000,131.141563,46.676157
230600,大庆市,3,230000,125.104078,46.589498
230700,伊春市,3,230000,128.840863,47.728332
230800,佳木斯市,3,230000,130.318916,46.800002
230900,七台河市,3,230000,131.003015,45.771178
231000,牡丹江市,3,230000,129.632928,44.551486
231100,黑河市,3,230000,127.528226,50.244887
231200,绥化市,3,230000,126.968714,46.654147
232700,大兴安岭地区,3,230000,124.11786,50.41129
310100,上海市,3,310000,121.472644,31.231706
320100,南京市,3,320000,118.796624,32.059344
320200,无锡市,3,320000,120.311889,31.491064
320300,徐州市,3,320000,117.283752,34.204224
320400,常州市,3,320000,119.974092,31.811313
320500,苏州市,3,320000,120.585294,31.299758
320600,南通市,3,320000,120.894522,31.981269
320700,连云港市,3,320000,119.221487,34.596639
320800,淮安市,3,320000,119.113166,33.551495
320900,盐城市,3,320000,120.16263,33.348176
321000,扬州市,3,320000,119.412834,32.394404
321100,镇江市,3,320000,119.424441,32.188141
321200,泰州市,3,320000,119.922883,32.456692
321300,宿迁市,3,320000,118.275228,33.963186
330100,杭州市,3,330000,120.209903,30.246566
330200,宁波市,3,330000,121.62454,29.860258
330300,温州市,3,330000,120.699279,27.993849
330400,嘉兴市,3,330000,120.755623,30.746814
330500,湖州市,3,330000,120.086881,30.894178
330600,绍兴市,3,330000,120.582886,30.051549
330700,金华市,3,330000,119.647265,29.079195
330800,衢州市,3,330000,118.859307,28.970229
330900,舟山市,3,330000,122.207395,29.985578
331000,台州市,3,330000,121.42079,28.655716
331100,丽水市,3,330000,119.923249,28.467694
340100,合肥市,3,340000,117.227267,31.820567
340200,芜湖市,3,340000,118.433065,31.352614
340300,蚌埠市,3,340000,117.388566,32.91682
340400,淮南市,3,340000,117.018603,32.585384
340500,马鞍山市,3,340000,118.50685,31.668765
340600,淮北市,3,340000,116.798362,33.956264
340700,铜陵市,3,340000,117.811298,30.945214
340800,安庆市,3,340000,117.115349,30.531828
341000,黄山市,3,340000,118.337643,29.714886
341100,滁州市,3,340000,118.333439,32.255904
341200,阜阳市,3,340000,115.814252,32.891032
341300,宿州市,3,340000,116.96419,33.647726
341500,六安市,3,340000,116.519729,31.735892
341600,亳州市,3,340000,115.778588,33.846285
341700,池州市,3,340000,117.495663,30.674264
341800,宣城市,3,340000,118.759127,30.939278
350100,福州市,3,350000,119.296411,26.074286
350200,厦门市,3,350000,118.08891,24.479627
350300,莆田市,3,350000,119.007662,25.454202
350400,三明市,3,350000,117.638919,26.263455
350500,泉州市,3,350000,118.675724,24.874452
350600,漳州市,3,350000,117.647298,24.515297
350700,南平市,3,350000,118.081325,27.382829
350800,龙岩市,3,350000,117.017362,25.075884
350900,宁德市,3,350000,119.547729,26.666222
360100,南昌市,3,360000,115.857972,28.682976
360200,景德镇市,3,360000,117.184892,29.2744
360300,萍乡市,3,360000,113.887147,27.658721
360400,九江市,3,360000,115.95356,29.66116
360500,新余市,3,360000,114.916665,27.818553
360600,鹰潭市,3,360000,117.039532,28.272092
360700,赣州市,3,360000,114.933494,25.831139
360800,吉安市,3,360000,114.96681,27.091243
360900,宜春市,3,360000,114.416826,27.816245
361000,抚州市,3,360000,116.358054,27.948979
361100,上饶市,3,360000,117.943064,28.45513
370100,济南市,3,370000,117.120128,36.652069
370200,青岛市,3,370000,120.382665,36.066938
370300,淄博市,3,370000,118.054994,36.813787
370400,枣庄市,3,370000,117.323759,34.810858
370500,东营市,3,370000,118.674633,37.433992
370600,烟台市,3,370000,121.447755,37.464551
370700,潍坊市,3,370000,119.161721,36.707668
370800,济宁市,3,370000,116.587116,35.415117
370900,泰安市,3,370000,117.086963,36.201784
371000,威海市,3,370000,122.120519,37.513315
371100,日照市,3,370000,119.52685,35.416912
371300,临沂市,3,370000,118.356464,35.103771
371400,德州市,3,370000,116.359244,37.436492
371500,聊城市,3,370000,115.985238,36.455857
371600,滨州市,3,370000,117.970731,37.382687
371700,菏泽市,3,370000,115.479646,35.234309
410100,郑州市,3,410000,113.625351,34.746303
410200,开封市,3,410000,114.314278,34.798083
410300,洛阳市,3,410000,112.453895,34.619702
410400,平顶山市,3,410000,113.192595,33.766554
410500,安阳市,3,410000,114.39248,36.098779
410600,鹤壁市,3,410000,114.297305,35.748329
410700,新乡市,3,410000,113.92679,35.303589
410800,焦作市,3,410000,113.241902,35.215726
410900,濮阳市,3,410000,115.029246,35.762731
411000,许昌市,3,410000,113.852004,34.03732
411100,漯河市,3,410000,114.0166,33.58038
411200,三门峡市,3,410000,111.200482,34.773196
411300,南阳市,3,410000,112.584753,33.016102
411400,商丘市,3,410000,115.656358,34.415165
411500,信阳市,3,410000,114.091058,32.148624
411600,周口市,3,410000,114.701222,33.634652
411700,驻马店市,3,410000,114.021988,33.014038
419000,省直辖县级行政区划,3,410000,,
420100,武汉市,3,420000,114.304569,30.593354
420200,黄石市,3,420000,115.038999,30.201082
420300,十堰市,3,420000,110.798921,32.629057
420500,宜昌市,3,420000,111.286962,30.69217
420600,襄阳市,3,420000,112.121743,32.010161
420700,鄂州市,3,420000,114.894909,30.391461
420800,荆门市,3,420000,112.199009,31.035445
420900,孝感市,3,420000,113.956962,30.918311
421000,荆州市,3,420000,112.24143,30.336282
421100,黄冈市,3,420000,114.872425,30.453722
421200,咸宁市,3,420000,114.322601,29.84135
421300,随州市,3,420000,113.382324,31.690275
422800,恩施土家族苗族自治州,3,420000,109.488076,30.272104
429000,省直辖县级行政区划,3,420000,,
430100,长沙市,3,430000,112.938882,28.228304
430200,株洲市,3,430000,113.132783,27.828862
430300,湘潭市,3,430000,112.945439,27.83136
430400,衡阳市,3,430000,112.572016,26.894216
430500,邵阳市,3,430000,111.467855,27.239528
430600,岳阳市,3,430000,113.128922,29.35648
430700,常德市,3,430000,111.69905,29.031446
430800,张家界市,3,430000,110.478887,29.117343
430900,益阳市,3,430000,112.355994,28.554853
431000,郴州市,3,430000,113.015517,25.770117
431100,永州市,3,430000,111.613482,26.419861
431200,怀化市,3,430000,110.001598,27.569813
431300,娄底市,3,430000,111.994468,27.699838
433100,湘西土家族苗族自治州,3,430000,109.673345,28.215983
440100,广州市,3,440000,113.264499,23.130061
440200,韶关市,3,440000,113.597324,24.810977
440300,深圳市,3,440000,114.057939,22.543527
440400,珠海市,3,440000,113.576892,22.271644
440500,汕头市,3,440000,116.681956,23.354152
440600,佛山市,3,440000,113.121586,23.021351
440700,江门市,3,440000,113.081548,22.578948
440800,湛江市,3,440000,110.357538,21.270108
440900,茂名市,3,440000,110.925533,21.662728
441200,肇庆市,3,440000,112.465245,23.047747
441300,惠州市,3,440000,114.415587,23.112368
441400,梅州市,3,440000,116.122046,24.288832
441500,汕尾市,3,440000,115.375557,22.787204
441600,河源市,3,440000,114.700215,23.744276
441700,阳江市,3,440000,111.98343,21.856853
441800,清远市,3,440000,113.056098,23.682064
441900,东莞市,3,440000,113.82903,22.959884
441901,莞城区,4,441900,,
441902,南城区,4,441900,,
441904,万江区,4,441900,,
441905,石碣镇,4,441900,,
441906,石龙镇,4,441900,,
441907,茶山镇,4,441900,,
441908,石排镇,4,441900,,
441909,企石镇,4,441900,,
441910,横沥镇,4,441900,,
441911,桥头镇,4,441900,,
441912,谢岗镇,4,441900,,
441913,东坑镇,4,441900,,
441914,常平镇,4,441900,,
441915,寮步镇,4,441900,,
441916,大朗镇,4,441900,,
441917,麻涌镇,4,441900,,
441918,中堂镇,4,441900,,
441919,高埗镇,4,441900,,
441920,樟木头镇,4,441900,,
441921,大岭山镇,4,441900,,
441922,望牛墩镇,4,441900,,
441923,黄江镇,4,441900,,
441924,洪梅镇,4,441900,,
441925,清溪镇,4,441900,,
441926,沙田镇,4,441900,,
441927,道滘镇,4,441900,,
441928,塘厦镇,4,441900,,
441929,虎门镇,4,441900,,
441930,厚街镇,4,441900,,
441931,凤岗镇,4,441900,,
441932,长安镇,4,441900,,
442000,中山市,3,440000,113.489502,22.524345
442001,石岐街道,4,442000,,
442002,东区街道,4,442000,,
442003,中山港街道,4,442000,,
442004,西区街道,4,442000,,
442005,南区街道,4,442000,,
442006,五桂山街道,4,442000,,
442007,民众街道,4,442000,,
442008,南朗街道,4,442000,,
442009,黄圃镇,4,442000,,
442010,东凤镇,4,442000,,
442011,古镇镇,4,442000,,
442012,沙溪镇,4,442000,,
442013,坦洲镇,4,442000,,
442014,港口镇,4,442000,,
442015,三角镇,4,442000,,
442016,横栏镇,4,442000,,
442017,南头镇,4,442000,,
442018,阜沙镇,4,442000,,
442019,三乡镇,4,442000,,
442020,板芙镇,4,442000,,
442021,大涌镇,4,442000,,
442022,神湾镇,4,442000,,
442023,小榄镇,4,442000,,
445100,潮州市,3,440000,116.621901,23.657662
445200,揭阳市,3,440000,116.372732,23.550968
445300,云浮市,3,440000,112.044524,22.915163
450100,南宁市,3,450000,108.366407,22.8177
450200,柳州市,3,450000,109.428071,24.326442
450300,桂林市,3,450000,110.179752,25.235615
450400,梧州市,3,450000,111.279022,23.476733
450500,北海市,3,450000,109.120248,21.481305
450600,防城港市,3,450000,108.35467,21.686732
450700,钦州市,3,450000,108.654355,21.980894
450800,贵港市,3,450000,109.598903,23.11182
450900,玉林市,3,450000,110.18097,22.654001
451000,百色市,3,450000,106.61869,23.90307
451100,贺州市,3,450000,111.567216,24.404182
451200,河池市,3,450000,108.63639,24.48523
451300,来宾市,3,450000,109.221243,23.750105
451400,崇左市,3,450000,107.364973,22.377139
460100,海口市,3,460000,110.200162,20.046316
460200,三亚市,3,460000,109.511709,18.252865
460300,三沙市,3,460000,112.338649,16.831004
460400,儋州市,3,460000,109.274243,19.631272
469000,省直辖县级行政区划,3,460000,,
500100,重庆市,3,500000,106.504962,29.533155
510100,成都市,3,510000,104.066301,30.572961
510300,自贡市,3,510000,104.779307,29.33924
510400,攀枝花市,3,510000,101.729116,26.558645
510500,泸州市,3,510000,105.441866,28.87098
510600,德阳市,3,510000,104.397795,31.127449
510700,绵阳市,3,510000,104.679127,31.467673
510800,广元市,3,510000,105.844004,32.435774
510900,遂宁市,3,510000,105.592602,30.53268
511000,内江市,3,510000,105.057992,29.58021
511100,乐山市,3,510000,103.766085,29.552275
511300,南充市,3,510000,106.110565,30.837235
511400,眉山市,3,510000,103.848417,30.077113
511500,宜宾市,3,510000,104.642826,28.752354
511600,广安市,3,510000,106.632647,30.456354
511700,达州市,3,510000,107.46778,31.209278
511800,雅安市,3,510000,103.041538,30.009998
511900,巴中市,3,510000,106.747548,31.867853
512000,资阳市,3,510000,104.627265,30.129236
513200,阿坝藏族羌族自治州,3,510000,102.224504,31.899427
513300,甘孜藏族自治州,3,510000,101.96231,30.04952
513400,凉山彝族自治州,3,510000,102.267713,27.881396
520100,贵阳市,3,520000,106.628201,26.646694
520200,六盘水市,3,520000,104.830357,26.592538
520300,遵义市,3,520000,107.031922,27.721931
520400,安顺市,3,520000,105.9476,26.253103
520500,毕节市,3,520000,105.291544,27.283615
520600,铜仁市,3,520000,109.189528,27.731555
522300,黔西南布依族苗族自治州,3,520000,104.906419,25.087733
522600,黔东南苗族侗族自治州,3,520000,107.982838,26.583759
522700,黔南布依族苗族自治州,3,520000,107.522303,26.253136
530100,昆明市,3,530000,102.833669,24.88149
530300,曲靖市,3,530000,103.796288,25.490866
530400,玉溪市,3,530000,102.526673,24.346786
530500,保山市,3,530000,99.161489,25.112018
530600,昭通市,3,530000,103.717078,27.338185
530700,丽江市,3,530000,100.225936,26.855165
530800,普洱市,3,530000,100.966011,22.825229
530900,临沧市,3,530000,100.088837,23.884175
532300,楚雄彝族自治州,3,530000,101.528304,25.045678
532500,红河哈尼族彝族自治州,3,530000,103.374873,23.363129
532600,文山壮族苗族自治州,3,530000,104.21567,23.400983
532800,西双版纳傣族自治州,3,530000,100.797002,22.009037
532900,大理白族自治州,3,530000,100.267608,25.606548
533100,德宏傣族景颇族自治州,3,530000,98.585621,24.433146
533300,怒江傈僳族自治州,3,530000,98.8566,25.817555
533400,迪庆藏族自治州,3,530000,99.70211,27.819149
540100,拉萨市,3,540000,91.171924,29.653491
540200,日喀则市,3,540000,88.880423,29.266838
540300,昌都市,3,540000,97.170425,31.142879
540400,林芝市,3,540000,94.361436,29.64875
540500,山南市,3,540000,91.771426,29.237722
540600,那曲市,3,540000,92.05151,31.477905
542500,阿里地区,3,540000,80.105786,32.500987
610100,西安市,3,610000,108.939645,34.343207
610200,铜川市,3,610000,108.945116,34.897133
610300,宝鸡市,3,610000,107.237682,34.362862
610400,咸阳市,3,610000,108.708837,34.329896
610500,渭南市,3,610000,109.470962,34.520632
610600,延安市,3,610000,109.49468,36.650109
610700,汉中市,3,610000,107.02319,33.066373
610800,榆林市,3,610000,109.734104,38.28576
610900,安康市,3,610000,109.029017,32.685435
611000,商洛市,3,610000,109.918646,33.873358
620100,兰州市,3,620000,103.834228,36.060798
620200,嘉峪关市,3,620000,98.292606,39.75577
620300,金昌市,3,620000,102.187972,38.521468
620400,白银市,3,620000,104.138872,36.545123
620500,天水市,3,620000,105.724828,34.581514
620600,武威市,3,620000,102.637821,37.92898
620700,张掖市,3,620000,100.449858,38.924766
620800,平凉市,3,620000,106.664913,35.542417
620900,酒泉市,3,620000,98.49432,39.733416
621000,庆阳市,3,620000,107.643433,35.709459
621100,定西市,3,620000,104.592342,35.607947
621200,陇南市,3,620000,104.960296,33.370174
622900,临夏回族自治州,3,620000,103.210386,35.601792
623000,甘南藏族自治州,3,620000,102.911736,34.983266
630100,西宁市,3,630000,101.758249,36.676027
630200,海东市,3,630000,102.41064,36.473448
632200,海北藏族自治州,3,630000,100.900944,36.954612
632300,黄南藏族自治州,3,630000,102.015397,35.519317
632500,海南藏族自治州,3,630000,100.622647,36.296399
632600,果洛藏族自治州,3,630000,100.245161,34.472179
632700,玉树藏族自治州,3,630000,97.006292,33.006308
632800,海西蒙古族藏族自治州,3,630000,97.33197,37.348114
640100,银川市,3,640000,106.230977,38.487783
640200,石嘴山市,3,640000,106.382792,38.984632
640300,吴忠市,3,640000,106.198613,37.997755
640400,固原市,3,640000,106.24267,36.01628
640500,中卫市,3,640000,105.19677,37.500185
650100,乌鲁木齐市,3,650000,87.616824,43.825377
650200,克拉玛依市,3,650000,84.889239,45.577712
650400,吐鲁番市,3,650000,89.250261,42.972736
650500,哈密市,3,650000,93.515053,42.819346
652300,昌吉回族自治州,3,650000,87.308995,44.011044
652700,博尔塔拉蒙古自治州,3,650000,82.066363,44.906039
652800,巴音郭楞蒙古自治州,3,650000,86.145298,41.764115
652900,阿克苏地区,3,650000,80.265068,41.170712
653000,克孜勒苏柯尔克孜自治州,3,650000,76.168157,39.716236
653100,喀什地区,3,650000,75.990618,39.470215
653200,和田地区,3,650000,79.921646,37.114406
654000,伊犁哈萨克自治州,3,650000,81.323691,43.917106
654200,塔城地区,3,650000,82.980316,46.745364
654300,阿勒泰地区,3,650000,88.141253,47.844924
659000,自治区直辖县级行政区划,3,650000,,
110101,东城区,4,110100,116.416334,39.928359
110102,西城区,4,110100,116.36585,39.9126
110105,朝阳区,4,110100,116.443136,39.921444
110106,丰台区,4,110100,116.286726,39.858538
110107,石景山区,4,110100,116.223015,39.906304
110108,海淀区,4,110100,116.2977,39.959893
110109,门头沟区,4,110100,116.101668,39.940842
110111,房山区,4,110100,116.143426,39.748889
110112,通州区,4,110100,116.664264,39.909698
110113,顺义区,4,110100,116.661474,40.149891
110114,昌平区,4,110100,116.231034,40.220952
110115,大兴区,4,110100,116.341483,39.726917
110116,怀柔区,4,110100,116.631974,40.317003
110117,平谷区,4,110100,117.121589,40.140805
110118,密云区,4,110100,116.843351,40.377058
110119,延庆区,4,110100,115.974609,40.457033
120101,和平区,4,120100,117.214713,39.116884
120102,河东区,4,120100,117.251584,39.128294
120103,河西区,4,120100,117.223379,39.109679
120104,南开区,4,120100,117.150638,39.138551
120105,河北区,4,120100,117.196874,39.148018
120106,红桥区,4,120100,117.151566,39.167349
120110,东丽区,4,120100,117.313567,39.086789
120111,西青区,4,120100,117.008994,39.141811
120112,津南区,4,120100,117.356683,38.936971
120113,北辰区,4,120100,117.135614,39.224638
120114,武清区,4,120100,117.04456,39.384108
120115,宝坻区,4,120100,117.309748,39.717054
120116,滨海新区,4,120100,117.69641,39.017809
120117,宁河区,4,120100,117.826674,39.329749
120118,静海区,4,120100,116.975474,38.947772
120119,蓟州区,4,120100,117.408432,40.046544
130102,长安区,4,130100,114.538955,38.03682
130104,桥西区,4,130100,114.45004,38.025245
130105,新华区,4,130100,114.463904,38.050749
130107,井陉矿区,4,130100,114.062258,38.065446
130108,裕华区,4,130100,114.531599,38.007002
130109,藁城区,4,130100,114.846562,38.022177
130110,鹿泉区,4,130100,114.313559,38.086536
130111,栾城区,4,130100,114.647922,37.900915
130121,井陉县,4,130100,114.145669,38.032366
130123,正定县,4,130100,114.57043,38.14699
130125,行唐县,4,130100,114.553044,38.437535
130126,灵寿县,4,130100,114.383013,38.307908
130127,高邑县,4,130100,114.611659,37.615905
130128,深泽县,4,130100,115.20089,38.184572
130129,赞皇县,4,130100,114.386114,37.666549
130130,无极县,4,130100,114.976256,38.178852
130131,平山县,4,130100,114.186007,38.260288
130132,元氏县,4,130100,114.525508,37.767332
130133,赵县,4,130100,114.775914,37.756935
130171,石家庄高新技术产业开发区,4,130100,,
130172,石家庄循环化工园区,4,130100,,
130181,辛集市,4,130100,115.217626,37.943239
130183,晋州市,4,130100,115.044141,38.033937
130184,新乐市,4,130100,114.683745,38.343952
130202,路南区,4,130200,118.154348,39.624988
130203,路北区,4,130200,118.201085,39.625079
130204,古冶区,4,130200,118.447134,39.73392
130205,开平区,4,130200,118.262246,39.671634
130207,丰南区,4,130200,118.085169,39.576031
130208,丰润区,4,130200,118.162426,39.832919
130209,曹妃甸区,4,130200,118.460197,39.273528
130224,滦南县,4,130200,118.68363,39.520272
130225,乐亭县,4,130200,118.91245,39.425748
130227,迁西县,4,130200,118.31467,40.141486
130229,玉田县,4,130200,117.738196,39.901827
130271,河北唐山芦台经济开发区,4,130200,,
130272,唐山市汉沽管理区,4,130200,,
130273,唐山高新技术产业开发区,4,130200,,
130274,河北唐山海港经济开发区,4,130200,,
130281,遵化市,4,130200,117.965878,40.189119
130283,迁安市,4,130200,118.701021,39.998861
130284,滦州市,4,130200,118.70301,39.740963
130302,海港区,4,130300,119.564962,39.94756
130303,山海关区,4,130300,119.775187,39.978882
130304,北戴河区,4,130300,119.48449,39.834912
130306,抚宁区,4,130300,119.244847,39.876253
130321,青龙满族自治县,4,130300,118.94985,40.407473
130322,昌黎县,4,130300,119.199846,39.699677
130324,卢龙县,4,130300,118.891931,39.892564
130371,秦皇岛市经济技术开发区,4,130300,,
130372,北戴河新区,4,130300,,
130402,邯山区,4,130400,114.531062,36.59457
130403,丛台区,4,130400,114.492875,36.636434
130404,复兴区,4,130400,114.462581,36.638879
130406,峰峰矿区,4,130400,114.212571,36.419298
130407,肥乡区,4,130400,114.800199,36.548545
130408,永年区,4,130400,114.536626,36.74188
130423,临漳县,4,130400,114.585514,36.322504
130424,成安县,4,130400,114.670094,36.445331
130425,大名县,4,130400,115.147985,36.286406
130426,涉县,4,130400,113.692157,36.586073
130427,磁县,4,130400,114.373965,36.37507
130430,邱县,4,130400,115.200049,36.811783
130431,鸡泽县,4,130400,114.889951,36.911525
130432,广平县,4,130400,114.921185,36.476727
130433,馆陶县,4,130400,115.281818,36.548295
130434,魏县,4,130400,114.939217,36.35926
130435,曲周县,4,130400,114.957549,36.766347
130471,邯郸经济技术开发区,4,130400,,
130473,邯郸冀南新区,4,130400,,
130481,武安市,4,130400,114.203685,36.69759
130502,襄都区,4,130500,114.507443,37.071314
130503,信都区,4,130500,114.468229,37.093798
130505,任泽区,4,130500,114.671339,37.121958
130506,南和区,4,130500,114.683683,37.005626
130522,临城县,4,130500,114.498651,37.444512
130523,内丘县,4,130500,114.512226,37.287612
130524,柏乡县,4,130500,114.693447,37.48288
130525,隆尧县,4,130500,114.770509,37.351232
130528,宁晋县,4,130500,114.940006,37.624524
130529,巨鹿县,4,130500,115.037884,37.221293
130530,新河县,4,130500,115.251005,37.520891
130531,广宗县,4,130500,115.142766,37.074795
130532,平乡县,4,130500,115.03008,37.063771
130533,威县,4,130500,115.266829,36.975164
130534,清河县,4,130500,115.665081,37.0451
130535,临西县,4,130500,115.501258,36.871312
130571,河北邢台经济开发区,4,130500,,
130581,南宫市,4,130500,115.40866,37.358907
130582,沙河市,4,130500,114.503023,36.855548
130602,竞秀区,4,130600,115.458671,38.877318
130606,莲池区,4,130600,115.497153,38.883528
130607,满城区,4,130600,115.322246,38.949732
130608,清苑区,4,130600,115.48988,38.76527
130609,徐水区,4,130600,115.655772,39.018781
130623,涞水县,4,130600,115.713651,39.394305
130624,阜平县,4,130600,114.195118,38.849221
130626,定兴县,4,130600,115.808183,39.263219
130627,唐县,4,130600,114.982968,38.748477
130628,高阳县,4,130600,115.779149,38.700846
130629,容城县,4,130600,115.861635,39.043321
130630,涞源县,4,130600,114.694416,39.360622
130631,望都县,4,130600,115.15542,38.696221
130632,安新县,4,130600,115.935688,38.936102
130633,易县,4,130600,115.497487,39.350219
130634,曲阳县,4,130600,114.740476,38.614409
130635,蠡县,4,130600,115.583701,38.488064
130636,顺平县,4,130600,115.135133,38.837988
130637,博野县,4,130600,115.464295,38.458048
130638,雄县,4,130600,116.108624,38.994825
130671,保定高新技术产业开发区,4,130600,,
130672,保定白沟新城,4,130600,,
130681,涿州市,4,130600,115.97444,39.485684
130682,定州市,4,130600,114.990321,38.516746
130683,安国市,4,130600,115.327088,38.418985
130684,高碑店市,4,130600,115.873612,39.327233
130702,桥东区,4,130700,114.894114,40.788472
130703,桥西区,4,130700,114.868604,40.819553
130705,宣化区,4,130700,115.099515,40.609444
130706,下花园区,4,130700,115.287127,40.502628
130708,万全区,4,130700,114.740584,40.767377
130709,崇礼区,4,130700,115.282345,40.974741
130722,张北县,4,130700,114.719927,41.159039
130723,康保县,4,130700,114.60018,41.853016
130724,沽源县,4,130700,115.688544,41.670497
130725,尚义县,4,130700,113.968763,41.076588
130726,蔚县,4,130700,114.589136,39.840154
130727,阳原县,4,130700,114.150267,40.104303
130728,怀安县,4,130700,114.386488,40.67527
130730,怀来县,4,130700,115.517868,40.415625
130731,涿鹿县,4,130700,115.196835,40.382681
130732,赤城县,4,130700,115.831256,40.913348
130771,张家口经济开发区,4,130700,,
130772,张家口市察北管理区,4,130700,,
130773,张家口市塞北管理区,4,130700,,
130802,双桥区,4,130800,117.943121,40.974679
130803,双滦区,4,130800,117.799588,40.959426
130804,鹰手营子矿区,4,130800,117.659341,40.546424
130821,承德县,4,130800,118.174166,40.768082
130822,兴隆县,4,130800,117.500558,40.417358
130824,滦平县,4,130800,117.332652,40.941644
130825,隆化县,4,130800,117.739026,41.314402
130826,丰宁满族自治县,4,130800,116.645798,41.209951
130827,宽城满族自治县,4,130800,118.485472,40.611333
130828,围场满族蒙古族自治县,4,130800,117.75934,41.938372
130871,承德高新技术产业开发区,4,130800,,
130881,平泉市,4,130800,118.702032,41.018482
130902,新华区,4,130900,116.866309,38.314094
130903,运河区,4,130900,116.842964,38.283456
130921,沧县,4,130900,117.007478,38.21985569
130922,青县,4,130900,116.804137,38.583657
130923,东光县,4,130900,116.537138,37.888844
130924,海兴县,4,130900,117.497545,38.143308
130925,盐山县,4,130900,117.230681,38.058074
130926,肃宁县,4,130900,115.829619,38.423044
130927,南皮县,4,130900,116.708603,38.038761
130928,吴桥县,4,130900,116.391557,37.628225
130929,献县,4,130900,116.152058,38.180381
130930,孟村回族自治县,4,130900,117.104514,38.053438
130971,河北沧州经济开发区,4,130900,,
130972,沧州高新技术产业开发区,4,130900,,
130973,沧州渤海新区,4,130900,,
130981,泊头市,4,130900,116.578322,38.084262
130982,任丘市,4,130900,116.084412,38.685325
130983,黄骅市,4,130900,117.330043,38.372266
130984,河间市,4,130900,116.099362,38.446656
131002,安次区,4,131000,116.6945443,39.50256863
131003,广阳区,4,131000,116.710667,39.52343
131022,固安县,4,131000,116.298696,39.438797
131023,永清县,4,131000,116.50608,39.330983
131024,香河县,4,131000,117.006072,39.763772
131025,大城县,4,131000,116.653917,38.705232
131026,文安县,4,131000,116.457628,38.873185
131028,大厂回族自治县,4,131000,116.98961,39.886569
131071,廊坊经济技术开发区,4,131000,,
131081,霸州市,4,131000,116.391488,39.125238
131082,三河市,4,131000,117.078269,39.982933
131102,桃城区,4,131100,115.675208,37.735152
131103,冀州区,4,131100,115.579392,37.550922
131121,枣强县,4,131100,115.724365,37.514217
131122,武邑县,4,131100,115.887498,37.802036
131123,武强县,4,131100,115.982119,38.041447
131124,饶阳县,4,131100,115.725898,38.235313
131125,安平县,4,131100,115.518918,38.234769
131126,故城县,4,131100,115.965877,37.347873
131127,景县,4,131100,116.270558,37.692831
131128,阜城县,4,131100,116.175424,37.862984
131171,河北衡水高新技术产业开发区,4,131100,,
131172,衡水滨湖新区,4,131100,,
131182,深州市,4,131100,115.559576,38.001535
140105,小店区,4,140100,112.565524,37.736865
140106,迎泽区,4,140100,112.563373,37.863308
140107,杏花岭区,4,140100,112.570412,37.894241
140108,尖草坪区,4,140100,112.486141,37.940052
140109,万柏林区,4,140100,112.515638,37.859738
140110,晋源区,4,140100,112.477869,37.715519
140121,清徐县,4,140100,112.359367,37.608751
140122,阳曲县,4,140100,112.67292,38.058511
140123,娄烦县,4,140100,111.79715,38.067569
140171,山西转型综合改革示范区,4,140100,,
140181,古交市,4,140100,112.175034,37.907414
140212,新荣区,4,140200,113.139628,40.256355
140213,平城区,4,140200,113.300179,40.076991
140214,云冈区,4,140200,113.150035,40.005844
140215,云州区,4,140200,113.612496,40.040156
140221,阳高县,4,140200,113.748944,40.361059
140222,天镇县,4,140200,114.090871,40.42087
140223,广灵县,4,140200,114.282703,39.760404
140224,灵丘县,4,140200,114.234452,39.442459
140225,浑源县,4,140200,113.69183,39.706485
140226,左云县,4,140200,112.703008,40.013442
140271,山西大同经济开发区,4,140200,,
140302,城区,4,140300,113.600694,37.847457
140303,矿区,4,140300,113.555279,37.868494
140311,郊区,4,140300,113.593998,37.943703
140321,平定县,4,140300,113.629777,37.804986
140322,盂县,4,140300,113.412279,38.086041
140403,潞州区,4,140400,113.122725,36.203305
140404,上党区,4,140400,113.051416,36.053104
140405,屯留区,4,140400,112.892301,36.3162
140406,潞城区,4,140400,113.228897,36.334597
140423,襄垣县,4,140400,113.051298,36.535629
140425,平顺县,4,140400,113.435859,36.20037
140426,黎城县,4,140400,113.387025,36.502258
140427,壶关县,4,140400,113.206836,36.115645
140428,长子县,4,140400,112.877922,36.122258
140429,武乡县,4,140400,112.86396,36.837865
140430,沁县,4,140400,112.699176,36.756152
140431,沁源县,4,140400,112.337726,36.499989
140471,山西长治高新技术产业园区,4,140400,,
140502,城区,4,140500,112.853452,35.50248
140521,沁水县,4,140500,112.186726,35.690119
140522,阳城县,4,140500,112.414798,35.486275
140524,陵川县,4,140500,113.280755,35.775239
140525,泽州县,4,140500,112.954123,35.543499
140581,高平市,4,140500,112.923798,35.798775
140602,朔城区,4,140600,112.432071,39.320196
140603,平鲁区,4,140600,112.28827,39.512219
140621,山阴县,4,140600,112.816421,39.527445
140622,应县,4,140600,113.190952,39.554471
140623,右玉县,4,140600,112.466926,39.989198
140671,山西朔州经济开发区,4,140600,,
140681,怀仁市,4,140600,113.133061,39.820522
140702,榆次区,4,140700,112.707564,37.698637
140703,太谷区,4,140700,112.551297,37.421392
140721,榆社县,4,140700,112.975378,37.071209
140722,左权县,4,140700,113.379412,37.082746
140723,和顺县,4,140700,113.570295,37.329696
140724,昔阳县,4,140700,113.707151,37.612577
140725,寿阳县,4,140700,113.176373,37.895191
140727,祁县,4,140700,112.335226,37.358425
140728,平遥县,4,140700,112.175825,37.189614
140729,灵石县,4,140700,111.778692,36.848085
140781,介休市,4,140700,111.916451,37.027538
140802,盐湖区,4,140800,110.998135,35.015549
140821,临猗县,4,140800,110.774553,35.144406
140822,万荣县,4,140800,110.837957,35.415805
140823,闻喜县,4,140800,111.224485,35.356664
140824,稷山县,4,140800,110.983273,35.604515
140825,新绛县,4,140800,111.224767,35.616007
140826,绛县,4,140800,111.568849,35.491764
140827,垣曲县,4,140800,111.670215,35.298297
140828,夏县,4,140800,111.219946,35.140733
140829,平陆县,4,140800,111.193957,34.829595
140830,芮城县,4,140800,110.694418,34.694173
140881,永济市,4,140800,110.447771,34.866499
140882,河津市,4,140800,110.712032,35.596357
140902,忻府区,4,140900,112.746357,38.403498
140921,定襄县,4,140900,112.957234,38.471725
140922,五台县,4,140900,113.255419,38.728056
140923,代县,4,140900,112.960102,39.066831
140924,繁峙县,4,140900,113.265464,39.188835
140925,宁武县,4,140900,112.304734,39.001498
140926,静乐县,4,140900,111.939498,38.359306
140927,神池县,4,140900,112.210997,39.091079
140928,五寨县,4,140900,111.846808,38.91111
140929,岢岚县,4,140900,111.572964,38.703989
140930,河曲县,4,140900,111.138247,39.38452
140931,保德县,4,140900,111.085944,39.022616
140932,偏关县,4,140900,111.508922,39.436917
140971,五台山风景名胜区,4,140900,,
140981,原平市,4,140900,112.711025,38.731412
141002,尧都区,4,141000,111.578797,36.082463
141021,曲沃县,4,141000,111.475783,35.641883
141022,翼城县,4,141000,111.719048,35.739706
141023,襄汾县,4,141000,111.441725,35.876293
141024,洪洞县,4,141000,111.67571,36.254087
141025,古县,4,141000,111.92031,36.266767
141026,安泽县,4,141000,112.250242,36.147921
141027,浮山县,4,141000,111.848883,35.968124
141028,吉县,4,141000,110.680513,36.096833
141029,乡宁县,4,141000,110.846585,35.970834
141030,大宁县,4,141000,110.752914,36.465126
141031,隰县,4,141000,110.940752,36.693345
141032,永和县,4,141000,110.631981,36.759524
141033,蒲县,4,141000,111.096457,36.41183
141034,汾西县,4,141000,111.563993,36.652833
141081,侯马市,4,141000,111.372002,35.619105
141082,霍州市,4,141000,111.755111,36.569046
141102,离石区,4,141100,111.150325,37.517797
141121,文水县,4,141100,112.028866,37.438101
141122,交城县,4,141100,112.155857,37.55169
141123,兴县,4,141100,111.127486,38.461818
141124,临县,4,141100,110.992712,37.951008
141125,柳林县,4,141100,110.888993,37.429816
141126,石楼县,4,141100,110.834712,36.998461
141127,岚县,4,141100,111.672156,38.279587
141128,方山县,4,141100,111.244309,37.895017
141129,中阳县,4,141100,111.178841,37.357816
141130,交口县,4,141100,111.181241,36.982205
141181,孝义市,4,141100,111.778935,37.146051
141182,汾阳市,4,141100,111.770834,37.261493
150102,新城区,4,150100,111.665325,40.858271
150103,回民区,4,150100,111.623485,40.808906
150104,玉泉区,4,150100,111.674157,40.753054
150105,赛罕区,4,150100,111.701166,40.792508
150121,土默特左旗,4,150100,111.16373,40.729044
150122,托克托县,4,150100,111.193879,40.277703
150123,和林格尔县,4,150100,111.821695,40.379226
150124,清水河县,4,150100,111.647351,39.921224
150125,武川县,4,150100,111.451226,41.096511
150172,呼和浩特经济技术开发区,4,150100,,
150202,东河区,4,150200,110.044008,40.57626
150203,昆都仑区,4,150200,109.840249,40.658075
150204,青山区,4,150200,109.902157,40.644081
150205,石拐区,4,150200,110.060783,40.676736
150206,白云鄂博矿区,4,150200,109.973195,41.769956
150207,九原区,4,150200,109.968082,40.611346
150221,土默特右旗,4,150200,110.527831,40.578253
150222,固阳县,4,150200,110.060055,41.034757
150223,达尔罕茂明安联合旗,4,150200,110.432626,41.698992
150271,包头稀土高新技术产业开发区,4,150200,,
150302,海勃湾区,4,150300,106.8228,39.690873
150303,海南区,4,150300,106.891472,39.441803
150304,乌达区,4,150300,106.726043,39.505609
150402,红山区,4,150400,118.953989,42.296317
150403,元宝山区,4,150400,119.288475,42.039602
150404,松山区,4,150400,118.916156,42.299795
150421,阿鲁科尔沁旗,4,150400,120.065533,43.872398
150422,巴林左旗,4,150400,119.362832,43.961547
150423,巴林右旗,4,150400,118.664235,43.534171
150424,林西县,4,150400,118.05545,43.61812
150425,克什克腾旗,4,150400,117.545413,43.265057
150426,翁牛特旗,4,150400,119.006187,42.936529
150428,喀喇沁旗,4,150400,118.701934,41.927103
150429,宁城县,4,150400,119.320056,41.600193
150430,敖汉旗,4,150400,119.921413,42.290731
150502,科尔沁区,4,150500,122.25545,43.623133
150521,科尔沁左翼中旗,4,150500,123.312202,44.126606
150522,科尔沁左翼后旗,4,150500,122.35677,42.935105
150523,开鲁县,4,150500,121.319216,43.601446
150524,库伦旗,4,150500,121.810629,42.735556
150525,奈曼旗,4,150500,120.657813,42.867433
150526,扎鲁特旗,4,150500,120.917953,44.567093
150571,通辽经济技术开发区,4,150500,,
150581,霍林郭勒市,4,150500,119.681242,45.533598
150602,东胜区,4,150600,109.963403,39.823066
150603,康巴什区,4,150600,109.858586,39.60793
150621,达拉特旗,4,150600,110.034133,40.412766
150622,准格尔旗,4,150600,111.27416,40.092513
150623,鄂托克前旗,4,150600,107.47733,38.182402
150624,鄂托克旗,4,150600,107.975948,39.089549
150625,杭锦旗,4,150600,108.736011,39.833243
150626,乌审旗,4,150600,108.819485,38.60453
150627,伊金霍洛旗,4,150600,109.747435,39.565064
150702,海拉尔区,4,150700,119.824542,49.234715
150703,扎赉诺尔区,4,150700,117.669939,49.511213
150721,阿荣旗,4,150700,123.458943,48.126553
150722,莫力达瓦达斡尔族自治旗,4,150700,124.519023,48.477728
150723,鄂伦春自治旗,4,150700,123.725643,50.591604
150724,鄂温克族自治旗,4,150700,119.755253,49.146692
150725,陈巴尔虎旗,4,150700,119.424026,49.328916
150726,新巴尔虎左旗,4,150700,118.269782,48.21827
150727,新巴尔虎右旗,4,150700,116.8237,48.671865
150781,满洲里市,4,150700,117.379134,49.59862
150782,牙克石市,4,150700,120.711639,49.285947
150783,扎兰屯市,4,150700,122.708475,48.028396
150784,额尔古纳市,4,150700,120.180506,50.243102
150785,根河市,4,150700,121.520165,50.779758
150802,临河区,4,150800,107.363536,40.750969
150821,五原县,4,150800,108.267466,41.088446
150822,磴口县,4,150800,107.008288,40.330534
150823,乌拉特前旗,4,150800,108.652114,40.737018
150824,乌拉特中旗,4,150800,108.513653,41.58813
150825,乌拉特后旗,4,150800,107.074748,41.08412
150826,杭锦后旗,4,150800,107.151296,40.886596
150902,集宁区,4,150900,113.168973,41.000742
150921,卓资县,4,150900,112.577716,40.894618
150922,化德县,4,150900,114.01029,41.904123
150923,商都县,4,150900,113.577778,41.562176
150924,兴和县,4,150900,113.834176,40.8723
150925,凉城县,4,150900,112.504243,40.532358
150926,察哈尔右翼前旗,4,150900,113.212409,40.783551
150927,察哈尔右翼中旗,4,150900,112.635348,41.277449
150928,察哈尔右翼后旗,4,150900,113.191505,41.435937
150929,四子王旗,4,150900,111.706663,41.533542
150981,丰镇市,4,150900,113.109875,40.437022
152201,乌兰浩特市,4,152200,122.093309,46.072233
152202,阿尔山市,4,152200,119.943577,47.17744
152221,科尔沁右翼前旗,4,152200,121.952638,46.079664
152222,科尔沁右翼中旗,4,152200,121.476357,45.060728
152223,扎赉特旗,4,152200,122.899627,46.723154
152224,突泉县,4,152200,121.593972,45.381918
152501,二连浩特市,4,152500,111.949594,43.64285
152502,锡林浩特市,4,152500,116.085814,43.933417
152522,阿巴嘎旗,4,152500,114.950185,44.022831
152523,苏尼特左旗,4,152500,113.667171,43.859718
152524,苏尼特右旗,4,152500,112.641806,42.742417
152525,东乌珠穆沁旗,4,152500,116.97526,45.497329
152526,西乌珠穆沁旗,4,152500,117.608668,44.587746
152527,太仆寺旗,4,152500,115.283173,41.876889
152528,镶黄旗,4,152500,113.847287,42.232371
152529,正镶白旗,4,152500,115.029748,42.287493
152530,正蓝旗,4,152500,115.991648,42.241815
152531,多伦县,4,152500,116.485549,42.203454
152571,乌拉盖管委会,4,152500,,
152921,阿拉善左旗,4,152900,105.666208,38.833589
152922,阿拉善右旗,4,152900,101.666917,39.216185
152923,额济纳旗,4,152900,101.055861,41.953963
152971,内蒙古阿拉善高新技术产业开发区,4,152900,,
210102,和平区,4,210100,123.420401,41.789766
210103,沈河区,4,210100,123.45884,41.795688
210104,大东区,4,210100,123.469828,41.805292
210105,皇姑区,4,210100,123.441468,41.824574
210106,铁西区,4,210100,123.334781,41.821721
210111,苏家屯区,4,210100,123.343937,41.665153
210112,浑南区,4,210100,123.449597,41.714729
210113,沈北新区,4,210100,123.584209,41.913071
210114,于洪区,4,210100,123.308062,41.793925
210115,辽中区,4,210100,122.766159,41.517449
210123,康平县,4,210100,123.343701,42.727249
210124,法库县,4,210100,123.440294,42.50108
210181,新民市,4,210100,122.835964,41.985757
210202,中山区,4,210200,121.644996,38.918357
210203,西岗区,4,210200,121.612461,38.914751
210204,沙河口区,4,210200,121.594201,38.904771
210211,甘井子区,4,210200,121.525469,38.952998
210212,旅顺口区,4,210200,121.261982,38.851742
210213,金州区,4,210200,121.782513,39.050211
210214,普兰店区,4,210200,121.938299,39.391565
210224,长海县,4,210200,122.588487,39.272779
210281,瓦房店市,4,210200,121.979463,39.62701
210283,庄河市,4,210200,122.965881,39.680825
210302,铁东区,4,210300,122.990888,41.089578
210303,铁西区,4,210300,122.969531,41.119719
210304,立山区,4,210300,123.029091,41.150401
210311,千山区,4,210300,122.9447506,41.0689014
210321,台安县,4,210300,122.436037,41.412866
210323,岫岩满族自治县,4,210300,123.280933,40.290995
210381,海城市,4,210300,122.685176,40.882548
210402,新抚区,4,210400,123.91293,41.861922
210403,东洲区,4,210400,124.038491,41.853001
210404,望花区,4,210400,123.784235,41.853484
210411,顺城区,4,210400,123.94504,41.883375
210421,抚顺县,4,210400,123.8999229,41.73009376
210422,新宾满族自治县,4,210400,125.039994,41.734031
210423,清原满族自治县,4,210400,124.924028,42.100804
210502,平山区,4,210500,123.769081,41.299658
210503,溪湖区,4,210500,123.767817,41.32931
210504,明山区,4,210500,123.861747,41.343624
210505,南芬区,4,210500,123.744822,41.100273
210521,本溪满族自治县,4,210500,124.119545,41.301553
210522,桓仁满族自治县,4,210500,125.361061,41.267048
210602,元宝区,4,210600,124.395577,40.136549
210603,振兴区,4,210600,124.383382,40.129706
210604,振安区,4,210600,124.470005,40.20154
210624,宽甸满族自治县,4,210600,124.783674,40.731319
210681,东港市,4,210600,124.152581,39.863193
210682,凤城市,4,210600,124.066873,40.45218
210702,古塔区,4,210700,121.128414,41.117481
210703,凌河区,4,210700,121.151069,41.115058
210711,太和区,4,210700,121.103445,41.109232
210726,黑山县,4,210700,122.126645,41.653552
210727,义县,4,210700,121.239558,41.533553
210781,凌海市,4,210700,121.35499,41.160636
210782,北镇市,4,210700,121.777503,41.588657
210802,站前区,4,210800,122.259058,40.673063
210803,西市区,4,210800,122.206431,40.666707
210804,鲅鱼圈区,4,210800,122.121764,40.226708
210811,老边区,4,210800,122.307956,40.671279
210881,盖州市,4,210800,122.34845,40.400259
210882,大石桥市,4,210800,122.482393,40.664851
210902,海州区,4,210900,121.662594,42.017794
210903,新邱区,4,210900,121.792067,42.087549
210904,太平区,4,210900,121.678637,42.010689
210905,清河门区,4,210900,121.416105,41.7831
210911,细河区,4,210900,121.680157,42.025412
210921,阜新蒙古族自治县,4,210900,121.757901,42.065175
210922,彰武县,4,210900,122.538563,42.386264
211002,白塔区,4,211000,123.174347,41.270397
211003,文圣区,4,211000,123.231262,41.282378
211004,宏伟区,4,211000,123.196725,41.217852
211005,弓长岭区,4,211000,123.419567,41.151787
211011,太子河区,4,211000,123.1814403,41.29502257
211021,辽阳县,4,211000,123.106426,41.206246
211081,灯塔市,4,211000,123.339398,41.426537
211102,双台子区,4,211100,122.07597,41.212401
211103,兴隆台区,4,211100,122.070685,41.120261
211104,大洼区,4,211100,122.082227,41.002679
211122,盘山县,4,211100,121.996408,41.243367
211202,银州区,4,211200,123.842472,42.286575
211204,清河区,4,211200,124.159232,42.54714
211221,铁岭县,4,211200,123.728933,42.223395
211223,西丰县,4,211200,124.727491,42.738178
211224,昌图县,4,211200,124.086628,42.779333
211281,调兵山市,4,211200,123.567039,42.468007
211282,开原市,4,211200,124.051886,42.577645
211302,双塔区,4,211300,120.453717,41.565814
211303,龙城区,4,211300,120.4133759,41.57674859
211321,朝阳县,4,211300,120.390001,41.497923
211322,建平县,4,211300,119.64328,41.402891
211324,喀喇沁左翼蒙古族自治县,4,211300,119.741223,41.12815
211381,北票市,4,211300,120.771389,41.801117
211382,凌源市,4,211300,119.401574,41.245445
211402,连山区,4,211400,120.869157,40.774784
211403,龙港区,4,211400,120.894054,40.735717
211404,南票区,4,211400,120.74971,41.10721
211421,绥中县,4,211400,120.34432,40.325576
211422,建昌县,4,211400,119.836669,40.824484
211481,兴城市,4,211400,120.756661,40.60999
220102,南关区,4,220100,125.307232,43.798665
220103,宽城区,4,220100,125.326614,43.943522
220104,朝阳区,4,220100,125.288168,43.833845
220105,二道区,4,220100,125.37419,43.865912
220106,绿园区,4,220100,125.256214,43.881047
220112,双阳区,4,220100,125.664583,43.525367
220113,九台区,4,220100,125.839549,44.151672
220122,农安县,4,220100,125.184921,44.432829
220171,长春经济技术开发区,4,220100,,
220172,长春净月高新技术产业开发区,4,220100,,
220173,长春高新技术产业开发区,4,220100,,
220174,长春汽车经济技术开发区,4,220100,,
220182,榆树市,4,220100,126.533126,44.840263
220183,德惠市,4,220100,125.728552,44.521788
220184,公主岭市,4,220100,124.79379,43.495116
220202,昌邑区,4,220200,126.574414,43.881896
220203,龙潭区,4,220200,126.562131,43.910743
220204,船营区,4,220200,126.540909,43.833806
220211,丰满区,4,220200,126.561351,43.821192
220221,永吉县,4,220200,126.497899,43.672198
220271,吉林经济开发区,4,220200,,
220272,吉林高新技术产业开发区,4,220200,,
220273,吉林中国新加坡食品区,4,220200,,
220281,蛟河市,4,220200,127.344773,43.72382
220282,桦甸市,4,220200,126.746245,42.972272
220283,舒兰市,4,220200,126.965515,44.405922
220284,磐石市,4,220200,126.060328,42.946608
220302,铁西区,4,220300,124.345994,43.146288
220303,铁东区,4,220300,124.409852,43.162664
220322,梨树县,4,220300,124.335389,43.30706
220323,伊通满族自治县,4,220300,125.305393,43.345754
220382,双辽市,4,220300,123.502398,43.518301
220402,龙山区,4,220400,125.13703,42.902194
220403,西安区,4,220400,125.149488,42.927252
220421,东丰县,4,220400,125.53096,42.677253
220422,东辽县,4,220400,124.991045,42.925636
220502,东昌区,4,220500,125.927187,41.702872
220503,二道江区,4,220500,126.042546,41.773989
220521,通化县,4,220500,125.758927,41.680135
220523,辉南县,4,220500,126.046006,42.684706
220524,柳河县,4,220500,125.744654,42.284594
220581,梅河口市,4,220500,125.711129,42.539183
220582,集安市,4,220500,126.193172,41.125805
220602,浑江区,4,220600,126.416093,41.945409
220605,江源区,4,220600,126.591178,42.056747
220621,抚松县,4,220600,127.449387,42.221038
220622,靖宇县,4,220600,126.813262,42.388902
220623,长白朝鲜族自治县,4,220600,128.20066,41.420253
220681,临江市,4,220600,126.918086,41.811979
220702,宁江区,4,220700,124.875965,45.209435
220721,前郭尔罗斯蒙古族自治县,4,220700,124.823417,45.118061
220722,长岭县,4,220700,123.967244,44.276293
220723,乾安县,4,220700,124.040651,45.003539
220771,吉林松原经济开发区,4,220700,,
220781,扶余市,4,220700,126.049534,44.989057
220802,洮北区,4,220800,122.851105,45.621545
220821,镇赉县,4,220800,123.19967,45.848195
220822,通榆县,4,220800,123.088093,44.812912
220871,吉林白城经济开发区,4,220800,,
220881,洮南市,4,220800,122.79845,45.356849
220882,大安市,4,220800,124.291032,45.507004
222401,延吉市,4,222400,129.507655,42.891034
222402,图们市,4,222400,129.843807,42.968039
222403,敦化市,4,222400,128.232235,43.372669
222404,珲春市,4,222400,130.365829,42.862551
222405,龙井市,4,222400,129.426529,42.767172
222406,和龙市,4,222400,129.010932,42.546434
222424,汪清县,4,222400,129.785137,43.317215
222426,安图县,4,222400,128.899744,43.111978
230102,道里区,4,230100,126.616912,45.755832
230103,南岗区,4,230100,126.66882,45.759967
230104,道外区,4,230100,126.649094,45.792351
230108,平房区,4,230100,126.63675,45.597529
230109,松北区,4,230100,126.516602,45.794991
230110,香坊区,4,230100,126.662959,45.707871
230111,呼兰区,4,230100,126.587704,45.889557
230112,阿城区,4,230100,126.957984,45.548671
230113,双城区,4,230100,126.31279,45.382873
230123,依兰县,4,230100,129.567777,46.325536
230124,方正县,4,230100,128.829513,45.851673
230125,宾县,4,230100,127.466372,45.746313
230126,巴彦县,4,230100,127.403521,46.086182
230127,木兰县,4,230100,128.043194,45.950649
230128,通河县,4,230100,128.74629,45.990214
230129,延寿县,4,230100,128.311071,45.445956
230183,尚志市,4,230100,128.009218,45.209199
230184,五常市,4,230100,127.167501,44.932164
230202,龙沙区,4,230200,123.958447,47.317103
230203,建华区,4,230200,123.95555,47.354212
230204,铁锋区,4,230200,123.978079,47.340719
230205,昂昂溪区,4,230200,123.822137,47.154806
230206,富拉尔基区,4,230200,123.628926,47.20873
230207,碾子山区,4,230200,122.887548,47.516614
230208,梅里斯达斡尔族区,4,230200,123.752482,47.309755
230221,龙江县,4,230200,123.204953,47.338512
230223,依安县,4,230200,125.306161,47.893442
230224,泰来县,4,230200,123.416631,46.393694
230225,甘南县,4,230200,123.507935,47.921698
230227,富裕县,4,230200,124.474411,47.774038
230229,克山县,4,230200,125.875103,48.037748
230230,克东县,4,230200,126.249124,48.041562
230231,拜泉县,4,230200,126.09905,47.59586
230281,讷河市,4,230200,124.88293,48.466829
230302,鸡冠区,4,230300,130.981342,45.303892
230303,恒山区,4,230300,130.90466,45.21119
230304,滴道区,4,230300,130.844193,45.349068
230305,梨树区,4,230300,130.69699,45.092046
230306,城子河区,4,230300,131.011476,45.336804
230307,麻山区,4,230300,130.477691,45.211863
230321,鸡东县,4,230300,131.124083,45.260413
230381,虎林市,4,230300,132.937002,45.763262
230382,密山市,4,230300,131.846824,45.529482
230402,向阳区,4,230400,130.294331,47.342478
230403,工农区,4,230400,130.27472,47.318971
230404,南山区,4,230400,130.285991,47.315121
230405,兴安区,4,230400,130.239289,47.252805
230406,东山区,4,230400,130.317151,47.338571
230407,兴山区,4,230400,130.303598,47.357698
230421,萝北县,4,230400,130.820566,47.578979
230422,绥滨县,4,230400,131.852863,47.289522
230502,尖山区,4,230500,131.158372,46.646083
230503,岭东区,4,230500,131.165067,46.592663
230505,四方台区,4,230500,131.337636,46.597143
230506,宝山区,4,230500,131.401589,46.577167
230521,集贤县,4,230500,131.141452,46.728448
230522,友谊县,4,230500,131.807815,46.767299
230523,宝清县,4,230500,132.196907,46.327335
230524,饶河县,4,230500,134.014125,46.79726
230602,萨尔图区,4,230600,125.135269,46.629281
230603,龙凤区,4,230600,125.135093,46.562369
230604,让胡路区,4,230600,124.889858,46.642567
230605,红岗区,4,230600,124.891041,46.398567
230606,大同区,4,230600,124.812221,46.039972
230621,肇州县,4,230600,125.268449,45.699543
230622,肇源县,4,230600,125.078311,45.518982
230623,林甸县,4,230600,124.863628,47.171677
230624,杜尔伯特蒙古族自治县,4,230600,124.442829,46.862348
230671,大庆高新技术产业开发区,4,230600,,
230717,伊美区,4,230700,128.907156,47.728257
230718,乌翠区,4,230700,128.68003,47.729319
230719,友好区,4,230700,128.836341,47.840801
230722,嘉荫县,4,230700,130.402406,48.888613
230723,汤旺县,4,230700,129.56205,48.456644
230724,丰林县,4,230700,129.533661,48.290566
230725,大箐山县,4,230700,129.020519,47.028313
230726,南岔县,4,230700,129.283584,47.139009
230751,金林区,4,230700,129.428839,47.413019
230781,铁力市,4,230700,128.032554,46.986604
230803,向阳区,4,230800,130.365263,46.807808
230804,前进区,4,230800,130.375254,46.81405
230805,东风区,4,230800,130.403588,46.822609
230811,郊区,4,230800,130.327182,46.809596
230822,桦南县,4,230800,130.553472,46.239314
230826,桦川县,4,230800,130.71908,47.023001
230828,汤原县,4,230800,129.904747,46.730623
230881,同江市,4,230800,132.510113,47.642475
230882,富锦市,4,230800,132.037659,47.250144
230883,抚远市,4,230800,134.30786,48.365027
230902,新兴区,4,230900,130.93226,45.816579
230903,桃山区,4,230900,131.020046,45.765733
230904,茄子河区,4,230900,131.067545,45.785755
230921,勃利县,4,230900,130.592009,45.755856
231002,东安区,4,231000,129.626651,44.58125
231003,阳明区,4,231000,129.635836,44.595851
231004,爱民区,4,231000,129.591227,44.595897
231005,西安区,4,231000,129.616021,44.577611
231025,林口县,4,231000,130.282286,45.279754
231071,牡丹江经济技术开发区,4,231000,,
231081,绥芬河市,4,231000,131.151805,44.412487
231083,海林市,4,231000,129.380756,44.594017
231084,宁安市,4,231000,129.482505,44.340617
231085,穆棱市,4,231000,130.52446,44.918842
231086,东宁市,4,231000,131.124839,44.090361
231102,爱辉区,4,231100,127.500703,50.252361
231123,逊克县,4,231100,128.478698,49.56429
231124,孙吴县,4,231100,127.336163,49.425645
231181,北安市,4,231100,126.490989,48.241168
231182,五大连池市,4,231100,126.205446,48.517342
231183,嫩江市,4,231100,125.221192,49.185766
231202,北林区,4,231200,126.984995,46.638114
231221,望奎县,4,231200,126.486333,46.832185
231222,兰西县,4,231200,126.287734,46.252966
231223,青冈县,4,231200,126.099314,46.70398
231224,庆安县,4,231200,127.505861,46.864084
231225,明水县,4,231200,125.90601,47.173649
231226,绥棱县,4,231200,127.114928,47.235814
231281,安达市,4,231200,125.307629,46.451882
231282,肇东市,4,231200,125.962419,46.050664
231283,海伦市,4,231200,126.930191,47.450661
232701,漠河市,4,232700,122.539313,52.972465
232721,呼玛县,4,232700,126.651856,51.725924
232722,塔河县,4,232700,124.709733,52.334512
232761,加格达奇区,4,232700,,
232762,松岭区,4,232700,,
232763,新林区,4,232700,,
232764,呼中区,4,232700,,
310101,黄浦区,4,310100,121.48442,31.231661
310104,徐汇区,4,310100,121.436307,31.188334
310105,长宁区,4,310100,121.424751,31.220537
310106,静安区,4,310100,121.447348,31.227718
310107,普陀区,4,310100,121.39547,31.249618
310109,虹口区,4,310100,121.504994,31.264917
310110,杨浦区,4,310100,121.525409,31.259588
310112,闵行区,4,310100,121.380857,31.112834
310113,宝山区,4,310100,121.489431,31.405242
310114,嘉定区,4,310100,121.265276,31.375566
310115,浦东新区,4,310100,121.544346,31.221461
310116,金山区,4,310100,121.341774,30.742769
310117,松江区,4,310100,121.227676,31.03257
310118,青浦区,4,310100,121.124249,31.15098
310120,奉贤区,4,310100,121.473945,30.918406
310151,崇明区,4,310100,121.397662,31.623863
320102,玄武区,4,320100,118.797779,32.048644
320104,秦淮区,4,320100,118.794792,32.039065
320105,建邺区,4,320100,118.731642,32.003343
320106,鼓楼区,4,320100,118.769943,32.066814
320111,浦口区,4,320100,118.627165,32.059796
320113,栖霞区,4,320100,118.909117,32.096423
320114,雨花台区,4,320100,118.779087,31.991291
320115,江宁区,4,320100,118.83951,31.953195
320116,六合区,4,320100,118.822241,32.323235
320117,溧水区,4,320100,119.028414,31.651108
320118,高淳区,4,320100,118.892074,31.328678
320205,锡山区,4,320200,120.357732,31.589484
320206,惠山区,4,320200,120.29843,31.680282
320211,滨湖区,4,320200,120.284381,31.527846
320213,梁溪区,4,320200,120.303551,31.566226
320214,新吴区,4,320200,120.364303,31.49085
320281,江阴市,4,320200,120.284794,31.921642
320282,宜兴市,4,320200,119.821873,31.338429
320302,鼓楼区,4,320300,117.185643,34.288736
320303,云龙区,4,320300,117.251515,34.253638
320305,贾汪区,4,320300,117.465137,34.436492
320311,泉山区,4,320300,117.194405,34.22655
320312,铜山区,4,320300,117.169698,34.181162
320321,丰县,4,320300,116.658111,34.697232
320322,沛县,4,320300,116.936353,34.760761
320324,睢宁县,4,320300,117.941364,33.913727
320371,徐州经济技术开发区,4,320300,,
320381,新沂市,4,320300,118.354747,34.369585
320382,邳州市,4,320300,118.012511,34.339208
320402,天宁区,4,320400,119.999439,31.79232
320404,钟楼区,4,320400,119.902081,31.802608
320411,新北区,4,320400,119.960925,31.86355
320412,武进区,4,320400,119.942441,31.701252
320413,金坛区,4,320400,119.587503,31.722384
320481,溧阳市,4,320400,119.484164,31.416967
320505,虎丘区,4,320500,120.434238,31.329601
320506,吴中区,4,320500,120.632094,31.263604
320507,相城区,4,320500,120.642391,31.369189
320508,姑苏区,4,320500,120.617367,31.335648
320509,吴江区,4,320500,120.645728,31.138525
320571,苏州工业园区,4,320500,,
320581,常熟市,4,320500,120.752512,31.656016
320582,张家港市,4,320500,120.555979,31.876739
320583,昆山市,4,320500,120.980795,31.385476
320585,太仓市,4,320500,121.130344,31.458043
320612,通州区,4,320600,121.073742,32.065972
320613,崇川区,4,320600,120.857253,32.010277
320614,海门区,4,320600,121.182016,31.869418
320623,如东县,4,320600,121.18495,32.331584
320671,南通经济技术开发区,4,320600,,
320681,启东市,4,320600,121.65523,31.792831
320682,如皋市,4,320600,120.574028,32.371493
320685,海安市,4,320600,120.46779,32.532853
320703,连云区,4,320700,119.338901,34.760317
320706,海州区,4,320700,119.163492,34.572506
320707,赣榆区,4,320700,119.173173,34.841336
320722,东海县,4,320700,118.752869,34.542194
320723,灌云县,4,320700,119.239426,34.284074
320724,灌南县,4,320700,119.315583,34.087251
320771,连云港经济技术开发区,4,320700,,
320772,连云港高新技术产业开发区,4,320700,,
320803,淮安区,4,320800,119.167809,33.531037
320804,淮阴区,4,320800,119.034895,33.632588
320812,清江浦区,4,320800,119.026662,33.552579
320813,洪泽区,4,320800,118.873132,33.294095
320826,涟水县,4,320800,119.260589,33.781648
320830,盱眙县,4,320800,118.544545,33.011905
320831,金湖县,4,320800,119.020432,33.024663
320871,淮安经济技术开发区,4,320800,,
320902,亭湖区,4,320900,120.196148,33.391414
320903,盐都区,4,320900,120.153567,33.338538
320904,大丰区,4,320900,120.500761,33.200047
320921,响水县,4,320900,119.578332,34.199172
320922,滨海县,4,320900,119.820713,33.990372
320923,阜宁县,4,320900,119.802271,33.758857
320924,射阳县,4,320900,120.326338,33.766277
320925,建湖县,4,320900,119.788743,33.438931
320971,盐城经济技术开发区,4,320900,,
320981,东台市,4,320900,120.320308,32.867845
321002,广陵区,4,321000,119.431785,32.395654
321003,邗江区,4,321000,119.397935,32.37741
321012,江都区,4,321000,119.569684,32.43571
321023,宝应县,4,321000,119.358389,33.241125
321071,扬州经济技术开发区,4,321000,,
321081,仪征市,4,321000,119.184468,32.272833
321084,高邮市,4,321000,119.45892,32.781606
321102,京口区,4,321100,119.470186,32.198285
321111,润州区,4,321100,119.411383,32.195146
321112,丹徒区,4,321100,119.433854,32.132118
321171,镇江新区,4,321100,,
321181,丹阳市,4,321100,119.606071,32.010035
321182,扬中市,4,321100,119.796816,32.236476
321183,句容市,4,321100,119.168693,31.945732
321202,海陵区,4,321200,119.923825,32.49248
321203,高港区,4,321200,119.88154,32.31923
321204,姜堰区,4,321200,120.12807,32.51029
321271,泰州医药高新技术产业开发区,4,321200,,
321281,兴化市,4,321200,119.85255,32.911952
321282,靖江市,4,321200,120.277124,31.98325
321283,泰兴市,4,321200,120.051475,32.173072
321302,宿城区,4,321300,118.242048,33.963891
321311,宿豫区,4,321300,118.330423,33.94813
321322,沭阳县,4,321300,118.804321,34.110642
321323,泗阳县,4,321300,118.703636,33.723576
321324,泗洪县,4,321300,118.223941,33.476575
321371,宿迁经济技术开发区,4,321300,,
330102,上城区,4,330100,120.19732,30.226543
330105,拱墅区,4,330100,120.141503,30.319126
330106,西湖区,4,330100,120.130396,30.259242
330108,滨江区,4,330100,120.211981,30.208332
330109,萧山区,4,330100,120.264263,30.184119
330110,余杭区,4,330100,119.978742,30.273705
330111,富阳区,4,330100,119.96022,30.048803
330112,临安区,4,330100,119.724457,30.234375
330113,临平区,4,330100,120.299222,30.419154
330114,钱塘区,4,330100,120.493941,30.32304
330122,桐庐县,4,330100,119.691755,29.79418
330127,淳安县,4,330100,119.042015,29.609678
330182,建德市,4,330100,119.281195,29.474964
330203,海曙区,4,330200,121.550485,29.873705
330205,江北区,4,330200,121.555067,29.88673
330206,北仑区,4,330200,121.844601,29.899548
330211,镇海区,4,330200,121.596686,29.965212
330212,鄞州区,4,330200,121.546617,29.817302
330213,奉化区,4,330200,121.406151,29.655292
330225,象山县,4,330200,121.869251,29.476826
330226,宁海县,4,330200,121.429729,29.287929
330281,余姚市,4,330200,121.154572,30.037967
330282,慈溪市,4,330200,121.266525,30.170695
330302,鹿城区,4,330300,120.655199,28.015776
330303,龙湾区,4,330300,120.812333,27.933261
330304,瓯海区,4,330300,120.615149,27.967445
330305,洞头区,4,330300,121.157406,27.836412
330324,永嘉县,4,330300,120.69136,28.153914
330326,平阳县,4,330300,120.565161,27.662394
330327,苍南县,4,330300,120.425957,27.518636
330328,文成县,4,330300,120.090929,27.786856
330329,泰顺县,4,330300,119.717643,27.556578
330371,温州经济技术开发区,4,330300,,
330381,瑞安市,4,330300,120.655245,27.778967
330382,乐清市,4,330300,120.986297,28.112519
330383,龙港市,4,330300,120.552952,27.578379
330402,南湖区,4,330400,120.782952,30.747738
330411,秀洲区,4,330400,120.709047,30.764811
330421,嘉善县,4,330400,120.926031,30.83085
330424,海盐县,4,330400,120.94628,30.52664
330481,海宁市,4,330400,120.680224,30.511536
330482,平湖市,4,330400,121.015619,30.677804
330483,桐乡市,4,330400,120.565127,30.630375
330502,吴兴区,4,330500,120.185608,30.857184
330503,南浔区,4,330500,120.418244,30.850835
330521,德清县,4,330500,119.9774,30.54251
330522,长兴县,4,330500,119.911212,31.026962
330523,安吉县,4,330500,119.680261,30.638803
330602,越城区,4,330600,120.582338,29.989092
330603,柯桥区,4,330600,120.495532,30.083039
330604,上虞区,4,330600,120.868571,30.033862
330624,新昌县,4,330600,120.903918,29.500525
330681,诸暨市,4,330600,120.246602,29.709398
330683,嵊州市,4,330600,120.830505,29.561519
330702,婺城区,4,330700,119.571574,29.087311
330703,金东区,4,330700,119.692821,29.099822
330723,武义县,4,330700,119.816341,28.892562
330726,浦江县,4,330700,119.89259,29.453363
330727,磐安县,4,330700,120.449937,29.054491
330781,兰溪市,4,330700,119.460404,29.209059
330782,义乌市,4,330700,120.075679,29.306296
330783,东阳市,4,330700,120.24179,29.290158
330784,永康市,4,330700,120.047356,28.88899
330802,柯城区,4,330800,118.874138,28.936937
330803,衢江区,4,330800,118.959139,28.980356
330822,常山县,4,330800,118.511224,28.902446
330824,开化县,4,330800,118.406852,29.1179
330825,龙游县,4,330800,119.1723,29.028214
330881,江山市,4,330800,118.627228,28.73796
330902,定海区,4,330900,122.106844,30.019795
330903,普陀区,4,330900,122.323297,29.970571
330921,岱山县,4,330900,122.225718,30.264533
330922,嵊泗县,4,330900,122.45132,30.725677
331002,椒江区,4,331000,121.442859,28.673334
331003,黄岩区,4,331000,121.261804,28.649433
331004,路桥区,4,331000,121.337874,28.578244
331022,三门县,4,331000,121.39561,29.104888
331023,天台县,4,331000,121.006657,29.144594
331024,仙居县,4,331000,120.728733,28.846856
331081,温岭市,4,331000,121.385435,28.372805
331082,临海市,4,331000,121.144625,28.859042
331083,玉环市,4,331000,121.231915,28.136703
331102,莲都区,4,331100,119.912266,28.4461
331121,青田县,4,331100,120.289693,28.1396
331122,缙云县,4,331100,120.091685,28.659294
331123,遂昌县,4,331100,119.275865,28.592388
331124,松阳县,4,331100,119.481406,28.448883
331125,云和县,4,331100,119.573454,28.116024
331126,庆元县,4,331100,119.062572,27.619213
331127,景宁畲族自治县,4,331100,119.635686,27.973594
331181,龙泉市,4,331100,119.14126,28.074916
340102,瑶海区,4,340100,117.30944,31.858111
340103,庐阳区,4,340100,117.265088,31.878722
340104,蜀山区,4,340100,117.26053,31.851211
340111,包河区,4,340100,117.310133,31.793801
340121,长丰县,4,340100,117.167632,32.478347
340122,肥东县,4,340100,117.4779,31.878601
340123,肥西县,4,340100,117.158416,31.707006
340124,庐江县,4,340100,117.288165,31.256978
340171,合肥高新技术产业开发区,4,340100,,
340172,合肥经济技术开发区,4,340100,,
340173,合肥新站高新技术产业开发区,4,340100,,
340181,巢湖市,4,340100,117.890236,31.624464
340202,镜湖区,4,340200,118.385133,31.34056
340207,鸠江区,4,340200,118.392337,31.369752
340209,弋江区,4,340200,118.372664,31.311421
340210,湾沚区,4,340200,118.576124,31.134809
340212,繁昌区,4,340200,118.198536,31.101766
340223,南陵县,4,340200,118.334083,30.914621
340271,芜湖经济技术开发区,4,340200,,
340272,安徽芜湖三山经济开发区,4,340200,,
340281,无为市,4,340200,117.902265,31.304462
340302,龙子湖区,4,340300,117.454544,32.90863
340303,蚌山区,4,340300,117.373347,32.916393
340304,禹会区,4,340300,117.34186,32.929715
340311,淮上区,4,340300,117.359352,32.96557
340321,怀远县,4,340300,117.205083,32.971543
340322,五河县,4,340300,117.881312,33.126532
340323,固镇县,4,340300,117.316585,33.318371
340371,蚌埠市高新技术开发区,4,340300,,
340372,蚌埠市经济开发区,4,340300,,
340402,大通区,4,340400,117.053314,32.631519
340403,田家庵区,4,340400,117.017263,32.647456
340404,谢家集区,4,340400,116.860026,32.599173
340405,八公山区,4,340400,116.832979,32.630922
340406,潘集区,4,340400,116.834715,32.77208
340421,凤台县,4,340400,116.710947,32.710536
340422,寿县,4,340400,116.798203,32.545027
340503,花山区,4,340500,118.511366,31.700127
340504,雨山区,4,340500,118.498675,31.682374
340506,博望区,4,340500,118.818276,31.55117
340521,当涂县,4,340500,118.497873,31.570857
340522,含山县,4,340500,118.101448,31.735559
340523,和县,4,340500,118.353668,31.74248
340602,杜集区,4,340600,116.827949,33.991412
340603,相山区,4,340600,116.795233,33.959927
340604,烈山区,4,340600,116.813221,33.895407
340621,濉溪县,4,340600,116.76616,33.915612
340705,铜官区,4,340700,117.856541,30.936772
340706,义安区,4,340700,117.937405,30.950619
340711,郊区,4,340700,117.767919,30.821699
340722,枞阳县,4,340700,117.250191,30.705466
340802,迎江区,4,340800,117.090878,30.512768
340803,大观区,4,340800,117.013469,30.553697
340811,宜秀区,4,340800,116.987469,30.613189
340822,怀宁县,4,340800,116.829612,30.73484
340825,太湖县,4,340800,116.30881,30.454198
340826,宿松县,4,340800,116.134485,30.171663
340827,望江县,4,340800,116.70641,30.128404
340828,岳西县,4,340800,116.359732,30.849716
340871,安徽安庆经济开发区,4,340800,,
340881,桐城市,4,340800,116.936588,31.035476
340882,潜山市,4,340800,116.581224,30.631022
341002,屯溪区,4,341000,118.315012,29.69655
341003,黄山区,4,341000,118.141632,30.272991
341004,徽州区,4,341000,118.336799,29.827291
341021,歙县,4,341000,118.415258,29.861354
341022,休宁县,4,341000,118.193533,29.784532
341023,黟县,4,341000,117.938139,29.92477
341024,祁门县,4,341000,117.717452,29.854179
341102,琅琊区,4,341100,118.32115,32.334475
341103,南谯区,4,341100,118.416715,32.200084
341122,来安县,4,341100,118.432581,32.423072
341124,全椒县,4,341100,118.274149,32.08593
341125,定远县,4,341100,117.698528,32.530741
341126,凤阳县,4,341100,117.531791,32.875714
341171,中新苏滁高新技术产业开发区,4,341100,,
341172,滁州经济技术开发区,4,341100,,
341181,天长市,4,341100,119.004838,32.667409
341182,明光市,4,341100,118.018197,32.78193
341202,颍州区,4,341200,115.806916,32.883322
341203,颍东区,4,341200,115.856728,32.91173
341204,颍泉区,4,341200,115.807415,32.925461
341221,临泉县,4,341200,115.26312,33.038884
341222,太和县,4,341200,115.621941,33.160327
341225,阜南县,4,341200,115.596003,32.659681
341226,颍上县,4,341200,116.256772,32.653211
341271,阜阳合肥现代产业园区,4,341200,,
341272,阜阳经济技术开发区,4,341200,,
341282,界首市,4,341200,115.374688,33.257799
341302,埇桥区,4,341300,116.977039,33.640205
341321,砀山县,4,341300,116.366257,34.442139
341322,萧县,4,341300,116.947289,34.18884
341323,灵璧县,4,341300,117.549321,33.554464
341324,泗县,4,341300,117.910277,33.483686
341371,宿州马鞍山现代产业园区,4,341300,,
341372,宿州经济技术开发区,4,341300,,
341502,金安区,4,341500,116.539458,31.75014
341503,裕安区,4,341500,116.479505,31.738789
341504,叶集区,4,341500,115.925271,31.863693
341522,霍邱县,4,341500,116.277966,32.353362
341523,舒城县,4,341500,116.94863,31.462036
341524,金寨县,4,341500,115.934253,31.727295
341525,霍山县,4,341500,116.348274,31.409668
341602,谯城区,4,341600,115.779081,33.876436
341621,涡阳县,4,341600,116.21665,33.494134
341622,蒙城县,4,341600,116.56434,33.265671
341623,利辛县,4,341600,116.206396,33.158424
341702,贵池区,4,341700,117.568087,30.688237
341721,东至县,4,341700,117.027533,30.111182
341722,石台县,4,341700,117.486211,30.210218
341723,青阳县,4,341700,117.847366,30.639006
341802,宣州区,4,341800,118.786098,30.944356
341821,郎溪县,4,341800,119.184326,31.142995
341823,泾县,4,341800,118.419552,30.688793
341824,绩溪县,4,341800,118.578519,30.067533
341825,旌德县,4,341800,118.550043,30.298287
341871,宣城市经济开发区,4,341800,,
341881,宁国市,4,341800,118.983085,30.634032
341882,广德市,4,341800,119.420799,30.877608
350102,鼓楼区,4,350100,119.304507,26.082666
350103,台江区,4,350100,119.31419,26.052826
350104,仓山区,4,350100,119.27322,26.047027
350105,马尾区,4,350100,119.439259,25.998657
350111,晋安区,4,350100,119.328591,26.081963
350112,长乐区,4,350100,119.593579,25.888274
350121,闽侯县,4,350100,119.131362,26.150428
350122,连江县,4,350100,119.539542,26.197737
350123,罗源县,4,350100,119.549129,26.490215
350124,闽清县,4,350100,118.863334,26.221099
350125,永泰县,4,350100,118.932746,25.867198
350128,平潭县,4,350100,119.789893,25.498767
350181,福清市,4,350100,119.384388,25.720081
350203,思明区,4,350200,118.082745,24.445676
350205,海沧区,4,350200,118.032883,24.484688
350206,湖里区,4,350200,118.146825,24.512858
350211,集美区,4,350200,118.097407,24.575976
350212,同安区,4,350200,118.150823,24.723299
350213,翔安区,4,350200,118.247911,24.618583
350302,城厢区,4,350300,118.994261,25.419062
350303,涵江区,4,350300,119.116173,25.459057
350304,荔城区,4,350300,119.014821,25.432268
350305,秀屿区,4,350300,119.105177,25.318649
350322,仙游县,4,350300,118.689745,25.373373
350404,三元区,4,350400,117.646153,26.271653
350405,沙县区,4,350400,117.792551,26.396843
350421,明溪县,4,350400,117.202119,26.355938
350423,清流县,4,350400,116.816772,26.177658
350424,宁化县,4,350400,116.654369,26.262298
350425,大田县,4,350400,117.846828,25.692535
350426,尤溪县,4,350400,118.189772,26.168712
350428,将乐县,4,350400,117.471127,26.728917
350429,泰宁县,4,350400,117.175448,26.900244
350430,建宁县,4,350400,116.848488,26.833566
350481,永安市,4,350400,117.365046,25.941671
350502,鲤城区,4,350500,118.58652,24.908133
350503,丰泽区,4,350500,118.613007,24.890373
350504,洛江区,4,350500,118.671168,24.939319
350505,泉港区,4,350500,118.915804,25.120399
350521,惠安县,4,350500,118.781037,25.012449
350524,安溪县,4,350500,118.186295,25.056065
350525,永春县,4,350500,118.29416,25.321849
350526,德化县,4,350500,118.241104,25.492102
350527,金门县,4,350500,118.323912,24.434368
350581,石狮市,4,350500,118.647945,24.731969
350582,晋江市,4,350500,118.551659,24.781635
350583,南安市,4,350500,118.385929,24.960056
350602,芗城区,4,350600,117.653727,24.510937
350603,龙文区,4,350600,117.711188,24.503523
350604,龙海区,4,350600,117.818485,24.446839
350605,长泰区,4,350600,117.759119,24.625989
350622,云霄县,4,350600,117.334351,23.935433
350623,漳浦县,4,350600,117.613783,24.11741
350624,诏安县,4,350600,117.175314,23.711674
350626,东山县,4,350600,117.4295,23.702034
350627,南靖县,4,350600,117.357061,24.5151
350628,平和县,4,350600,117.314798,24.363831
350629,华安县,4,350600,117.53411,25.00445
350702,延平区,4,350700,118.181806,26.637503
350703,建阳区,4,350700,118.120392,27.331996
350721,顺昌县,4,350700,117.809433,26.793455
350722,浦城县,4,350700,118.541079,27.917804
350723,光泽县,4,350700,117.333812,27.541061
350724,松溪县,4,350700,118.785429,27.526028
350725,政和县,4,350700,118.857703,27.366122
350781,邵武市,4,350700,117.492778,27.340672
350782,武夷山市,4,350700,118.035321,27.756422
350783,建瓯市,4,350700,118.304712,27.023233
350802,新罗区,4,350800,117.036816,25.098942
350803,永定区,4,350800,116.732216,24.724148
350821,长汀县,4,350800,116.357581,25.833531
350823,上杭县,4,350800,116.419447,25.049867
350824,武平县,4,350800,116.100216,25.096139
350825,连城县,4,350800,116.754472,25.710538
350881,漳平市,4,350800,117.419823,25.290481
350902,蕉城区,4,350900,119.526284,26.660658
350921,霞浦县,4,350900,120.005267,26.885971
350922,古田县,4,350900,118.74603,26.578134
350923,屏南县,4,350900,118.985759,26.908256
350924,寿宁县,4,350900,119.514589,27.45467
350925,周宁县,4,350900,119.338998,27.104797
350926,柘荣县,4,350900,119.900597,27.23421
350981,福安市,4,350900,119.647871,27.088274
350982,福鼎市,4,350900,120.216559,27.324796
360102,东湖区,4,360100,115.903576,28.698787
360103,西湖区,4,360100,115.876998,28.657005
360104,青云谱区,4,360100,115.925709,28.62182
360111,青山湖区,4,360100,115.962138,28.682867
360112,新建区,4,360100,115.815244,28.693192
360113,红谷滩区,4,360100,115.858127,28.698188
360121,南昌县,4,360100,115.93349,28.557921
360123,安义县,4,360100,115.549158,28.845585
360124,进贤县,4,360100,116.242468,28.377627
360202,昌江区,4,360200,117.182648,29.273683
360203,珠山区,4,360200,117.271365,29.305191
360222,浮梁县,4,360200,117.214984,29.352493
360281,乐平市,4,360200,117.151499,28.978521
360302,安源区,4,360300,113.87072,27.615
360313,湘东区,4,360300,113.733047,27.640075
360321,莲花县,4,360300,113.961589,27.128498
360322,上栗县,4,360300,113.795294,27.880221
360323,芦溪县,4,360300,114.029351,27.631273
360402,濂溪区,4,360400,115.992735,29.668008
360403,浔阳区,4,360400,116.001677,29.70547
360404,柴桑区,4,360400,115.911005,29.608775
360423,武宁县,4,360400,115.092649,29.246785
360424,修水县,4,360400,114.546536,29.026166
360425,永修县,4,360400,115.83207,29.011392
360426,德安县,4,360400,115.767114,29.298599
360428,都昌县,4,360400,116.203999,29.273803
360429,湖口县,4,360400,116.252206,29.731194
360430,彭泽县,4,360400,116.563858,29.877404
360481,瑞昌市,4,360400,115.681221,29.676026
360482,共青城市,4,360400,115.784269,29.235082
360483,庐山市,4,360400,116.045118,29.448225
360502,渝水区,4,360500,114.944499,27.799526
360521,分宜县,4,360500,114.69264,27.814723
360602,月湖区,4,360600,117.10247,28.266999
360603,余江区,4,360600,116.854576,28.199657
360681,贵溪市,4,360600,117.245178,28.292397
360702,章贡区,4,360700,114.920426,25.818247
360703,南康区,4,360700,114.765044,25.661369
360704,赣县区,4,360700,115.021196,25.854496
360722,信丰县,4,360700,114.922485,25.38676
360723,大余县,4,360700,114.362306,25.401968
360724,上犹县,4,360700,114.55177,25.784754
360725,崇义县,4,360700,114.308135,25.682278
360726,安远县,4,360700,115.393992,25.136855
360728,定南县,4,360700,115.027908,24.783372
360729,全南县,4,360700,114.530148,24.742353
360730,宁都县,4,360700,116.009171,26.470865
360731,于都县,4,360700,115.415145,25.952564
360732,兴国县,4,360700,115.363475,26.338129
360733,会昌县,4,360700,115.809271,25.58734
360734,寻乌县,4,360700,115.638534,24.969513
360735,石城县,4,360700,116.347611,26.31491
360781,瑞金市,4,360700,116.027114,25.88623
360783,龙南市,4,360700,114.804474,24.901216
360802,吉州区,4,360800,114.994991,27.144204
360803,青原区,4,360800,115.014836,27.082012
360821,吉安县,4,360800,114.908337,27.039866
360822,吉水县,4,360800,115.135963,27.229697
360823,峡江县,4,360800,115.316567,27.5829
360824,新干县,4,360800,115.386853,27.740368
360825,永丰县,4,360800,115.421599,27.317301
360826,泰和县,4,360800,114.922987,26.801687
360827,遂川县,4,360800,114.520825,26.313413
360828,万安县,4,360800,114.759746,26.456821
360829,安福县,4,360800,114.619818,27.393286
360830,永新县,4,360800,114.242425,26.945157
360881,井冈山市,4,360800,114.289563,26.748132
360902,袁州区,4,360900,114.42794,27.796344
360921,奉新县,4,360900,115.400624,28.688254
360922,万载县,4,360900,114.445477,28.106201
360923,上高县,4,360900,114.948045,28.238591
360924,宜丰县,4,360900,114.803036,28.394466
360925,靖安县,4,360900,115.362635,28.861296
360926,铜鼓县,4,360900,114.354623,28.513291
360981,丰城市,4,360900,115.771131,28.160053
360982,樟树市,4,360900,115.546174,28.054632
360983,高安市,4,360900,115.366863,28.448054
361002,临川区,4,361000,116.311932,27.935098
361003,东乡区,4,361000,116.603159,28.249059
361021,南城县,4,361000,116.637228,27.570031
361022,黎川县,4,361000,116.907446,27.282729
361023,南丰县,4,361000,116.525898,27.21845
361024,崇仁县,4,361000,116.076363,27.754416
361025,乐安县,4,361000,115.83099,27.428682
361026,宜黄县,4,361000,116.236174,27.554744
361027,金溪县,4,361000,116.755018,27.91973
361028,资溪县,4,361000,117.060332,27.706088
361030,广昌县,4,361000,116.336556,26.843974
361102,信州区,4,361100,117.965997,28.430694
361103,广丰区,4,361100,118.189729,28.463697
361104,广信区,4,361100,117.907454,28.448893
361123,玉山县,4,361100,118.244736,28.681936
361124,铅山县,4,361100,117.734742,28.298415
361125,横峰县,4,361100,117.596433,28.407116
361126,弋阳县,4,361100,117.449346,28.378039
361127,余干县,4,361100,116.695787,28.70283
361128,鄱阳县,4,361100,116.703731,29.005675
361129,万年县,4,361100,117.058445,28.694582
361130,婺源县,4,361100,117.861532,29.248491
361181,德兴市,4,361100,117.594549,28.930557
370102,历下区,4,370100,117.07632,36.666395
370103,市中区,4,370100,116.997472,36.651121
370104,槐荫区,4,370100,116.901057,36.652264
370105,天桥区,4,370100,116.987106,36.678665
370112,历城区,4,370100,117.065233,36.680731
370113,长清区,4,370100,116.752101,36.554251
370114,章丘区,4,370100,117.526228,36.681258
370115,济阳区,4,370100,117.173722,36.978299
370116,莱芜区,4,370100,117.675828,36.214895
370117,钢城区,4,370100,117.811604,36.059393
370124,平阴县,4,370100,116.455865,36.289813
370126,商河县,4,370100,117.157165,37.309694
370171,济南高新技术产业开发区,4,370100,,
370202,市南区,4,370200,120.412002,36.075867
370203,市北区,4,370200,120.374675,36.08765
370211,黄岛区,4,370200,120.19777,35.960688
370212,崂山区,4,370200,120.469282,36.107069
370213,李沧区,4,370200,120.432652,36.145987
370214,城阳区,4,370200,120.396255,36.307624
370215,即墨区,4,370200,120.447691,36.390217
370271,青岛高新技术产业开发区,4,370200,,
370281,胶州市,4,370200,120.033382,36.26468
370283,平度市,4,370200,119.970192,36.753895
370285,莱西市,4,370200,120.517581,36.889167
370302,淄川区,4,370300,117.966978,36.644211
370303,张店区,4,370300,118.017877,36.807011
370304,博山区,4,370300,117.8627,36.495014
370305,临淄区,4,370300,118.309398,36.826882
370306,周村区,4,370300,117.869686,36.80309
370321,桓台县,4,370300,118.097923,36.959794
370322,高青县,4,370300,117.826743,37.171042
370323,沂源县,4,370300,118.170856,36.185402
370402,市中区,4,370400,117.556125,34.863791
370403,薛城区,4,370400,117.286371,34.783282
370404,峄城区,4,370400,117.590738,34.772931
370405,台儿庄区,4,370400,117.734287,34.563103
370406,山亭区,4,370400,117.461866,35.099638
370481,滕州市,4,370400,117.165881,35.11412
370502,东营区,4,370500,118.582182,37.449035
370503,河口区,4,370500,118.525519,37.886217
370505,垦利区,4,370500,118.575234,37.573412
370522,利津县,4,370500,118.255084,37.490919
370523,广饶县,4,370500,118.419437,37.053915
370571,东营经济技术开发区,4,370500,,
370572,东营港经济开发区,4,370500,,
370602,芝罘区,4,370600,121.400303,37.541312
370611,福山区,4,370600,121.267638,37.49833
370612,牟平区,4,370600,121.601015,37.387454
370613,莱山区,4,370600,121.444949,37.511322
370614,蓬莱区,4,370600,120.829141,37.795697
370671,烟台高新技术产业开发区,4,370600,,
370672,烟台经济技术开发区,4,370600,,
370681,龙口市,4,370600,120.47614,37.645281
370682,莱阳市,4,370600,120.711555,36.979757
370683,莱州市,4,370600,119.942057,37.178187
370685,招远市,4,370600,120.433904,37.354517
370686,栖霞市,4,370600,120.849595,37.335993
370687,海阳市,4,370600,121.173506,36.688316
370702,潍城区,4,370700,119.02491,36.728077
370703,寒亭区,4,370700,119.211251,36.755925
370704,坊子区,4,370700,119.166343,36.653671
370705,奎文区,4,370700,119.132288,36.707459
370724,临朐县,4,370700,118.543274,36.51246
370725,昌乐县,4,370700,118.841035,36.688035
370772,潍坊滨海经济技术开发区,4,370700,,
370781,青州市,4,370700,118.479637,36.685178
370782,诸城市,4,370700,119.412992,36.009273
370783,寿光市,4,370700,118.791062,36.857133
370784,安丘市,4,370700,119.21892,36.479642
370785,高密市,4,370700,119.80584,36.365658
370786,昌邑市,4,370700,119.403185,36.843256
370811,任城区,4,370800,116.605763,35.444226
370812,兖州区,4,370800,116.78365,35.551938
370826,微山县,4,370800,117.129188,34.806657
370827,鱼台县,4,370800,116.650526,35.012706
370828,金乡县,4,370800,116.337271,35.073419
370829,嘉祥县,4,370800,116.342308,35.40794
370830,汶上县,4,370800,116.497277,35.711891
370831,泗水县,4,370800,117.250824,35.664719
370832,梁山县,4,370800,116.131779,35.765957
370871,济宁高新技术产业开发区,4,370800,,
370881,曲阜市,4,370800,116.986212,35.581933
370883,邹城市,4,370800,117.007406,35.402536
370902,泰山区,4,370900,117.128828,36.194963
370911,岱岳区,4,370900,117.041651,36.188088
370921,宁阳县,4,370900,116.805578,35.758919
370923,东平县,4,370900,116.470211,35.937049
370982,新泰市,4,370900,117.768069,35.90953
370983,肥城市,4,370900,116.769098,36.181975
371002,环翠区,4,371000,122.123115,37.501735
371003,文登区,4,371000,122.08832,37.196032
371071,威海火炬高技术产业开发区,4,371000,,
371072,威海经济技术开发区,4,371000,,
371073,威海临港经济技术开发区,4,371000,,
371082,荣成市,4,371000,122.487036,37.165698
371083,乳山市,4,371000,121.539557,36.920329
371102,东港区,4,371100,119.462287,35.426037
371103,岚山区,4,371100,119.31881,35.121985
371121,五莲县,4,371100,119.213673,35.760154
371122,莒县,4,371100,118.869059,35.59125
371171,日照经济技术开发区,4,371100,,
371302,兰山区,4,371300,118.347332,35.052797
371311,罗庄区,4,371300,118.284693,34.997061
371312,河东区,4,371300,118.403073,35.088936
371321,沂南县,4,371300,118.465259,35.550078
371322,郯城县,4,371300,118.390701,34.619281
371323,沂水县,4,371300,118.628142,35.790919
371324,兰陵县,4,371300,118.070912,34.858235
371325,费县,4,371300,117.9776,35.265851
371326,平邑县,4,371300,117.615201,35.516849
371327,莒南县,4,371300,118.835166,35.206252
371328,蒙阴县,4,371300,117.953367,35.720128
371329,临沭县,4,371300,118.650828,34.920171
371371,临沂高新技术产业开发区,4,371300,,
371402,德城区,4,371400,116.299558,37.451051
371403,陵城区,4,371400,116.576148,37.336444
371422,宁津县,4,371400,116.800279,37.652456
371423,庆云县,4,371400,117.384163,37.774376
371424,临邑县,4,371400,116.866568,37.190139
371425,齐河县,4,371400,116.762767,36.784164
371426,平原县,4,371400,116.434016,37.165453
371427,夏津县,4,371400,116.001796,36.948013
371428,武城县,4,371400,116.069312,37.213398
371471,德州经济技术开发区,4,371400,,
371472,德州运河经济开发区,4,371400,,
371481,乐陵市,4,371400,117.232085,37.729769
371482,禹城市,4,371400,116.638558,36.934198
371502,东昌府区,4,371500,116.006399,36.412737
371503,茌平区,4,371500,116.254865,36.580814
371521,阳谷县,4,371500,115.791822,36.114392
371522,莘县,4,371500,115.669843,36.233711
371524,东阿县,4,371500,116.247655,36.335198
371525,冠县,4,371500,115.441684,36.484011
371526,高唐县,4,371500,116.230126,36.84715
371581,临清市,4,371500,115.704982,36.83828
371602,滨城区,4,371600,118.019567,37.431997
371603,沾化区,4,371600,118.098962,37.698952
371621,惠民县,4,371600,117.593744,37.47528
371622,阳信县,4,371600,117.603407,37.632773
371623,无棣县,4,371600,117.625846,37.770579
371625,博兴县,4,371600,118.110715,37.154529
371681,邹平市,4,371600,117.74313,36.863393
371702,牡丹区,4,371700,115.417021,35.251911
371703,定陶区,4,371700,115.583172,35.105742
371721,曹县,4,371700,115.556393,34.85875
371722,单县,4,371700,116.106396,34.779282
371723,成武县,4,371700,115.889775,34.95278
371724,巨野县,4,371700,116.062585,35.388543
371725,郓城县,4,371700,115.938939,35.575276
371726,鄄城县,4,371700,115.544507,35.534088
371728,东明县,4,371700,115.107402,35.275664
371771,菏泽经济技术开发区,4,371700,,
371772,菏泽高新技术开发区,4,371700,,
410102,中原区,4,410100,113.612966,34.74828
410103,二七区,4,410100,113.640177,34.724138
410104,管城回族区,4,410100,113.677446,34.754436
410105,金水区,4,410100,113.6603,34.800415
410106,上街区,4,410100,113.309185,34.803514
410108,惠济区,4,410100,113.617055,34.867994
410122,中牟县,4,410100,113.975798,34.720535
410171,郑州经济技术开发区,4,410100,,
410172,郑州高新技术产业开发区,4,410100,,
410173,郑州航空港经济综合实验区,4,410100,,
410181,巩义市,4,410100,113.022354,34.748207
410182,荥阳市,4,410100,113.383385,34.7866
410183,新密市,4,410100,113.390932,34.540216
410184,新郑市,4,410100,113.74024,34.396479
410185,登封市,4,410100,113.05056,34.454877
410202,龙亭区,4,410200,114.355378,34.815515
410203,顺河回族区,4,410200,114.360824,34.795933
410204,鼓楼区,4,410200,114.348356,34.788473
410205,禹王台区,4,410200,114.348105,34.777052
410212,祥符区,4,410200,114.441406,34.757546
410221,杞县,4,410200,114.782629,34.549731
410222,通许县,4,410200,114.47315,34.502053
410223,尉氏县,4,410200,114.19305,34.411437
410225,兰考县,4,410200,114.818228,34.856372
410302,老城区,4,410300,112.469071,34.683645
410303,西工区,4,410300,112.428183,34.659959
410304,瀍河回族区,4,410300,112.500131,34.679773
410305,涧西区,4,410300,112.395766,34.658177
410307,偃师区,4,410300,112.789375,34.72715
410308,孟津区,4,410300,112.44525,34.825587
410311,洛龙区,4,410300,112.463833,34.619711
410323,新安县,4,410300,112.13246,34.728909
410324,栾川县,4,410300,111.615729,33.7857
410325,嵩县,4,410300,112.085432,34.134639
410326,汝阳县,4,410300,112.473013,34.154283
410327,宜阳县,4,410300,112.179187,34.51462
410328,洛宁县,4,410300,111.652958,34.389371
410329,伊川县,4,410300,112.425751,34.421741
410371,洛阳高新技术产业开发区,4,410300,,
410402,新华区,4,410400,113.296956,33.736486
410403,卫东区,4,410400,113.335316,33.735388
410404,石龙区,4,410400,112.898845,33.899247
410411,湛河区,4,410400,113.3208727,33.72568115
410421,宝丰县,4,410400,113.054538,33.869159
410422,叶县,4,410400,113.357476,33.627437
410423,鲁山县,4,410400,112.908052,33.738434
410425,郏县,4,410400,113.21261,33.971787
410471,平顶山高新技术产业开发区,4,410400,,
410472,平顶山市城乡一体化示范区,4,410400,,
410481,舞钢市,4,410400,113.516427,33.314147
410482,汝州市,4,410400,112.844696,34.16717
410502,文峰区,4,410500,114.356967,36.090593
410503,北关区,4,410500,114.355742,36.10766
410505,殷都区,4,410500,114.303454,36.109938
410506,龙安区,4,410500,114.301037,36.076937
410522,安阳县,4,410500,114.462953,36.09211
410523,汤阴县,4,410500,114.357686,35.925155
410526,滑县,4,410500,114.517977,35.576128
410527,内黄县,4,410500,114.90146,35.972016
410571,安阳高新技术产业开发区,4,410500,,
410581,林州市,4,410500,113.819275,36.084127
410602,鹤山区,4,410600,114.163133,35.954647
410603,山城区,4,410600,114.184391,35.897862
410611,淇滨区,4,410600,114.298748,35.741763
410621,浚县,4,410600,114.550611,35.677249
410622,淇县,4,410600,114.208851,35.622571
410671,鹤壁经济技术开发区,4,410600,,
410702,红旗区,4,410700,113.983358,35.306182
410703,卫滨区,4,410700,113.865666,35.301796
410704,凤泉区,4,410700,113.916183,35.384428
410711,牧野区,4,410700,113.908561,35.315614
410721,新乡县,4,410700,113.813884,35.170066
410724,获嘉县,4,410700,113.657551,35.260153
410725,原阳县,4,410700,113.939829,35.066873
410726,延津县,4,410700,114.205624,35.165876
410727,封丘县,4,410700,114.418907,35.041237
410771,新乡高新技术产业开发区,4,410700,,
410772,新乡经济技术开发区,4,410700,,
410773,新乡市平原城乡一体化示范区,4,410700,,
410781,卫辉市,4,410700,114.064584,35.398357
410782,辉县市,4,410700,113.80572,35.462964
410783,长垣市,4,410700,114.66885,35.201628
410802,解放区,4,410800,113.230555,35.240403
410803,中站区,4,410800,113.182847,35.237227
410804,马村区,4,410800,113.32212,35.257084
410811,山阳区,4,410800,113.254581,35.215054
410821,修武县,4,410800,113.447862,35.22286
410822,博爱县,4,410800,113.064701,35.170332
410823,武陟县,4,410800,113.401848,35.099458
410825,温县,4,410800,113.08067,34.93961
410871,焦作城乡一体化示范区,4,410800,,
410882,沁阳市,4,410800,112.950873,35.087569
410883,孟州市,4,410800,112.791372,34.907229
410902,华龙区,4,410900,115.074453,35.778289
410922,清丰县,4,410900,115.104602,35.886694
410923,南乐县,4,410900,115.205876,36.070219
410926,范县,4,410900,115.504081,35.85302
410927,台前县,4,410900,115.871671,35.970286
410928,濮阳县,4,410900,115.029165,35.713113
410971,河南濮阳工业园区,4,410900,,
410972,濮阳经济技术开发区,4,410900,,
411002,魏都区,4,411000,113.830826,34.047189
411003,建安区,4,411000,113.822869,34.124729
411024,鄢陵县,4,411000,114.177329,34.102985
411025,襄城县,4,411000,113.506904,33.851609
411071,许昌经济技术开发区,4,411000,,
411081,禹州市,4,411000,113.488715,34.142442
411082,长葛市,4,411000,113.813972,34.195458
411102,源汇区,4,411100,113.984164,33.572319
411103,郾城区,4,411100,114.006596,33.587697
411104,召陵区,4,411100,114.093879,33.586509
411121,舞阳县,4,411100,113.609327,33.438259
411122,临颍县,4,411100,113.931121,33.828096
411171,漯河经济技术开发区,4,411100,,
411202,湖滨区,4,411200,111.188552,34.771296
411203,陕州区,4,411200,111.103252,34.72066
411221,渑池县,4,411200,111.761753,34.767937
411224,卢氏县,4,411200,111.04522,34.051866
411271,河南三门峡经济开发区,4,411200,,
411281,义马市,4,411200,111.874726,34.747563
411282,灵宝市,4,411200,110.894225,34.517734
411302,宛城区,4,411300,112.539506,33.003564
411303,卧龙区,4,411300,112.528524,32.990313
411321,南召县,4,411300,112.429277,33.489804
411322,方城县,4,411300,113.012849,33.255387
411323,西峡县,4,411300,111.473644,33.307272
411324,镇平县,4,411300,112.234571,33.033826
411325,内乡县,4,411300,111.849354,33.044698
411326,淅川县,4,411300,111.490902,33.137831
411327,社旗县,4,411300,112.948183,33.056229
411328,唐河县,4,411300,112.80829,32.682464
411329,新野县,4,411300,112.3601,32.521282
411330,桐柏县,4,411300,113.428702,32.379164
411371,南阳高新技术产业开发区,4,411300,,
411372,南阳市城乡一体化示范区,4,411300,,
411381,邓州市,4,411300,112.08745,32.687732
411402,梁园区,4,411400,115.613609,34.444519
411403,睢阳区,4,411400,115.653258,34.389048
411421,民权县,4,411400,115.175019,34.648384
411422,睢县,4,411400,115.071957,34.446572
411423,宁陵县,4,411400,115.314221,34.461226
411424,柘城县,4,411400,115.305182,34.092015
411425,虞城县,4,411400,115.828519,34.400868
411426,夏邑县,4,411400,116.131422,34.237801
411471,豫东综合物流产业聚集区,4,411400,,
411472,河南商丘经济开发区,4,411400,,
411481,永城市,4,411400,116.449864,33.929927
411502,浉河区,4,411500,114.05867,32.116885
411503,平桥区,4,411500,114.125595,32.101005
411521,罗山县,4,411500,114.512838,32.20436
411522,光山县,4,411500,114.91934,32.010736
411523,新县,4,411500,114.879309,31.643914
411524,商城县,4,411500,115.406894,31.79832
411525,固始县,4,411500,115.654066,32.169239
411526,潢川县,4,411500,115.051683,32.131426
411527,淮滨县,4,411500,115.420101,32.474772
411528,息县,4,411500,114.740392,32.34312
411571,信阳高新技术产业开发区,4,411500,,
411602,川汇区,4,411600,114.650551,33.647679
411603,淮阳区,4,411600,114.852604,33.731543
411621,扶沟县,4,411600,114.394666,34.060062
411622,西华县,4,411600,114.529709,33.768277
411623,商水县,4,411600,114.608135,33.562072
411624,沈丘县,4,411600,115.098541,33.409805
411625,郸城县,4,411600,115.177141,33.64601
411627,太康县,4,411600,114.837946,34.064513
411628,鹿邑县,4,411600,115.484525,33.860698
411671,河南周口经济开发区,4,411600,,
411681,项城市,4,411600,114.875128,33.465609
411702,驿城区,4,411700,113.993753,32.97455
411721,西平县,4,411700,114.021492,33.387658
411722,上蔡县,4,411700,114.264381,33.262439
411723,平舆县,4,411700,114.618537,32.96344
411724,正阳县,4,411700,114.392774,32.605697
411725,确山县,4,411700,114.016818,32.82134
411726,泌阳县,4,411700,113.327144,32.723974
411727,汝南县,4,411700,114.362477,33.006808
411728,遂平县,4,411700,114.013323,33.146316
411729,新蔡县,4,411700,114.965519,32.74488
411771,河南驻马店经济开发区,4,411700,,
419001,济源市,4,419000,112.31891,35.079253
420102,江岸区,4,420100,114.282987,30.633093
420103,江汉区,4,420100,114.270763,30.601129
420104,硚口区,4,420100,114.214746,30.582559
420105,汉阳区,4,420100,114.21859,30.554287
420106,武昌区,4,420100,114.316464,30.55418
420107,青山区,4,420100,114.385424,30.639842
420111,洪山区,4,420100,114.342664,30.500642
420112,东西湖区,4,420100,114.136295,30.620079
420113,汉南区,4,420100,114.084582,30.308776
420114,蔡甸区,4,420100,114.087279,30.536395
420115,江夏区,4,420100,114.320884,30.37558
420116,黄陂区,4,420100,114.375698,30.882305
420117,新洲区,4,420100,114.801284,30.841304
420202,黄石港区,4,420200,115.065653,30.223194
420203,西塞山区,4,420200,115.110067,30.205114
420204,下陆区,4,420200,114.960914,30.174148
420205,铁山区,4,420200,114.891603,30.203152
420222,阳新县,4,420200,115.215211,29.830236
420281,大冶市,4,420200,114.98046,30.096263
420302,茅箭区,4,420300,110.813478,32.591847
420303,张湾区,4,420300,110.769132,32.652297
420304,郧阳区,4,420300,110.812101,32.834847
420322,郧西县,4,420300,110.426005,32.993095
420323,竹山县,4,420300,110.229696,32.225039
420324,竹溪县,4,420300,109.715322,32.318257
420325,房县,4,420300,110.726754,32.04017
420381,丹江口市,4,420300,111.513318,32.540287
420502,西陵区,4,420500,111.285696,30.710765
420503,伍家岗区,4,420500,111.360882,30.644048
420504,点军区,4,420500,111.268338,30.69343
420505,猇亭区,4,420500,111.434378,30.531133
420506,夷陵区,4,420500,111.326371,30.769875
420525,远安县,4,420500,111.640329,31.060904
420526,兴山县,4,420500,110.746831,31.348065
420527,秭归县,4,420500,110.97793,30.825882
420528,长阳土家族自治县,4,420500,111.20697,30.473038
420529,五峰土家族自治县,4,420500,111.07374,30.156741
420581,宜都市,4,420500,111.450128,30.378444
420582,当阳市,4,420500,111.78836,30.820893
420583,枝江市,4,420500,111.760616,30.425758
420602,襄城区,4,420600,112.134025,32.009932
420606,樊城区,4,420600,112.135241,32.045065
420607,襄州区,4,420600,112.211365,32.088651
420624,南漳县,4,420600,111.838997,31.774649
420625,谷城县,4,420600,111.653077,32.26339
420626,保康县,4,420600,111.261308,31.87831
420682,老河口市,4,420600,111.683861,32.359068
420683,枣阳市,4,420600,112.772723,32.128968
420684,宜城市,4,420600,112.256486,31.720278
420702,梁子湖区,4,420700,114.684805,30.100146
420703,华容区,4,420700,114.729945,30.53515
420704,鄂城区,4,420700,114.89157,30.400535
420802,东宝区,4,420800,112.201657,31.05187
420804,掇刀区,4,420800,112.2079,30.973397
420822,沙洋县,4,420800,112.588675,30.709167
420881,钟祥市,4,420800,112.588801,31.167006
420882,京山市,4,420800,113.119561,31.018414
420902,孝南区,4,420900,113.910769,30.91695
420921,孝昌县,4,420900,113.997794,31.258225
420922,大悟县,4,420900,114.127122,31.561179
420923,云梦县,4,420900,113.752958,31.021736
420981,应城市,4,420900,113.571864,30.928592
420982,安陆市,4,420900,113.688955,31.25565
420984,汉川市,4,420900,113.838068,30.673219
421002,沙市区,4,421000,112.251975,30.326693
421003,荆州区,4,421000,112.190282,30.352984
421022,公安县,4,421000,112.229742,30.058519
421024,江陵县,4,421000,112.424581,30.042227
421071,荆州经济技术开发区,4,421000,,
421081,石首市,4,421000,112.42538,29.720944
421083,洪湖市,4,421000,113.475984,29.827256
421087,松滋市,4,421000,111.756455,30.174717
421088,监利市,4,421000,112.904634,29.840229
421102,黄州区,4,421100,114.880104,30.434354
421121,团风县,4,421100,114.872364,30.643225
421122,红安县,4,421100,114.618134,31.288167
421123,罗田县,4,421100,115.399149,30.783047
421124,英山县,4,421100,115.680953,30.734989
421125,浠水县,4,421100,115.265155,30.452212
421126,蕲春县,4,421100,115.436423,30.226146
421127,黄梅县,4,421100,115.944219,30.070453
421171,龙感湖管理区,4,421100,,
421181,麻城市,4,421100,115.008011,31.172917
421182,武穴市,4,421100,115.595451,29.869602
421202,咸安区,4,421200,114.299002,29.852726
421221,嘉鱼县,4,421200,113.939249,29.970575
421222,通城县,4,421200,113.816811,29.2454
421223,崇阳县,4,421200,114.039484,29.556866
421224,通山县,4,421200,114.482832,29.606468
421281,赤壁市,4,421200,113.900385,29.725122
421303,曾都区,4,421300,113.371052,31.716423
421321,随县,4,421300,113.29097,31.883233
421381,广水市,4,421300,113.825977,31.617015
422801,恩施市,4,422800,109.479572,30.295148
422802,利川市,4,422800,108.936456,30.290974
422822,建始县,4,422800,109.722333,30.602195
422823,巴东县,4,422800,110.340921,31.042854
422825,宣恩县,4,422800,109.489918,29.986856
422826,咸丰县,4,422800,109.140163,29.665215
422827,来凤县,4,422800,109.407697,29.493474
422828,鹤峰县,4,422800,110.034011,29.890073
429004,仙桃市,4,429000,113.0599,30.294262
429005,潜江市,4,429000,112.781586,30.473035
429006,天门市,4,429000,112.749108,30.776358
429021,神农架林区,4,429000,110.106251,31.408207
430102,芙蓉区,4,430100,113.032605,28.185351
430103,天心区,4,430100,112.98978,28.114544
430104,岳麓区,4,430100,112.930116,28.234202
430105,开福区,4,430100,112.985284,28.257286
430111,雨花区,4,430100,113.03853,28.135795
430112,望城区,4,430100,112.83125,28.353221
430121,长沙县,4,430100,113.080555,28.246821
430181,浏阳市,4,430100,113.64328,28.163866
430182,宁乡市,4,430100,112.551887,28.277709
430202,荷塘区,4,430200,113.173169,27.856314
430203,芦淞区,4,430200,113.153455,27.785198
430204,石峰区,4,430200,113.117763,27.875513
430211,天元区,4,430200,113.082227,27.826738
430212,渌口区,4,430200,113.143832,27.699361
430223,攸县,4,430200,113.397152,27.01516
430224,茶陵县,4,430200,113.537907,26.777957
430225,炎陵县,4,430200,113.772665,26.489847
430271,云龙示范区,4,430200,,
430281,醴陵市,4,430200,113.497119,27.6457
430302,雨湖区,4,430300,112.907334,27.856115
430304,岳塘区,4,430300,112.969444,27.872013
430321,湘潭县,4,430300,112.950767,27.779669
430371,湖南湘潭高新技术产业园区,4,430300,,
430372,湘潭昭山示范区,4,430300,,
430373,湘潭九华示范区,4,430300,,
430381,湘乡市,4,430300,112.550268,27.718655
430382,韶山市,4,430300,112.525364,27.914796
430405,珠晖区,4,430400,112.620653,26.894796
430406,雁峰区,4,430400,112.613914,26.840335
430407,石鼓区,4,430400,112.597937,26.944257
430408,蒸湘区,4,430400,112.567333,26.912388
430412,南岳区,4,430400,112.737678,27.231846
430421,衡阳县,4,430400,112.370649,26.970258
430422,衡南县,4,430400,112.677572,26.739665
430423,衡山县,4,430400,112.868361,27.230225
430424,衡东县,4,430400,112.953113,27.081086
430426,祁东县,4,430400,112.090319,26.799284
430471,衡阳综合保税区,4,430400,,
430472,湖南衡阳高新技术产业园区,4,430400,,
430473,湖南衡阳松木经济开发区,4,430400,,
430481,耒阳市,4,430400,112.859806,26.422149
430482,常宁市,4,430400,112.399894,26.421717
430502,双清区,4,430500,111.496946,27.232286
430503,大祥区,4,430500,111.438892,27.222078
430511,北塔区,4,430500,111.451988,27.246244
430522,新邵县,4,430500,111.458656,27.320917
430523,邵阳县,4,430500,111.273872,26.990785
430524,隆回县,4,430500,111.032437,27.113978
430525,洞口县,4,430500,110.575962,27.060274
430527,绥宁县,4,430500,110.155532,26.582027
430528,新宁县,4,430500,110.857294,26.432913
430529,城步苗族自治县,4,430500,110.322239,26.390598
430581,武冈市,4,430500,110.632286,26.727414
430582,邵东市,4,430500,111.744268,27.259812
430602,岳阳楼区,4,430600,113.129362,29.371356
430603,云溪区,4,430600,113.272312,29.472745
430611,君山区,4,430600,113.006434,29.461017
430621,岳阳县,4,430600,113.116152,29.144681
430623,华容县,4,430600,112.540448,29.530775
430624,湘阴县,4,430600,112.909248,28.690123
430626,平江县,4,430600,113.581296,28.702018
430671,岳阳市屈原管理区,4,430600,,
430681,汨罗市,4,430600,113.067097,28.806937
430682,临湘市,4,430600,113.450461,29.476687
430702,武陵区,4,430700,111.683043,29.055332
430703,鼎城区,4,430700,111.679896,29.017596
430721,安乡县,4,430700,112.171107,29.41131
430722,汉寿县,4,430700,111.970725,28.906063
430723,澧县,4,430700,111.758806,29.633138
430724,临澧县,4,430700,111.647547,29.440813
430725,桃源县,4,430700,111.488985,28.90232
430726,石门县,4,430700,111.380056,29.584344
430771,常德市西洞庭管理区,4,430700,,
430781,津市市,4,430700,111.877957,29.606512
430802,永定区,4,430800,110.537379,29.119662
430811,武陵源区,4,430800,110.550309,29.345721
430821,慈利县,4,430800,111.139424,29.430429
430822,桑植县,4,430800,110.204804,29.414112
430902,资阳区,4,430900,112.324286,28.59149
430903,赫山区,4,430900,112.373895,28.58011
430921,南县,4,430900,112.396323,29.362396
430922,桃江县,4,430900,112.156432,28.518215
430923,安化县,4,430900,111.213296,28.374223
430971,益阳市大通湖管理区,4,430900,,
430972,湖南益阳高新技术产业园区,4,430900,,
430981,沅江市,4,430900,112.354657,28.845755
431002,北湖区,4,431000,113.010606,25.784632
431003,苏仙区,4,431000,113.042364,25.799624
431021,桂阳县,4,431000,112.733804,25.75382
431022,宜章县,4,431000,112.948806,25.40059
431023,永兴县,4,431000,113.116587,26.127155
431024,嘉禾县,4,431000,112.379216,25.616025
431025,临武县,4,431000,112.563833,25.276459
431026,汝城县,4,431000,113.685193,25.533024
431027,桂东县,4,431000,113.944792,26.077609
431028,安仁县,4,431000,113.269703,26.708569
431081,资兴市,4,431000,113.235841,25.977226
431102,零陵区,4,431100,111.629806,26.222278
431103,冷水滩区,4,431100,111.592373,26.461313
431122,东安县,4,431100,111.315893,26.392173
431123,双牌县,4,431100,111.659967,25.961909
431124,道县,4,431100,111.600866,25.526282
431125,江永县,4,431100,111.343543,25.274461
431126,宁远县,4,431100,111.945925,25.570817
431127,蓝山县,4,431100,112.195842,25.369575
431128,新田县,4,431100,112.203396,25.903965
431129,江华瑶族自治县,4,431100,111.57951,25.185257
431171,永州经济技术开发区,4,431100,,
431173,永州市回龙圩管理区,4,431100,,
431181,祁阳市,4,431100,111.840253,26.580292
431202,鹤城区,4,431200,110.040099,27.578581
431221,中方县,4,431200,109.945436,27.440554
431222,沅陵县,4,431200,110.393782,28.452103
431223,辰溪县,4,431200,110.183159,28.006235
431224,溆浦县,4,431200,110.594419,27.908869
431225,会同县,4,431200,109.734724,26.887156
431226,麻阳苗族自治县,4,431200,109.817703,27.857666
431227,新晃侗族自治县,4,431200,109.174808,27.352094
431228,芷江侗族自治县,4,431200,109.684696,27.443429
431229,靖州苗族侗族自治县,4,431200,109.696249,26.575111
431230,通道侗族自治县,4,431200,109.784409,26.158032
431271,怀化市洪江管理区,4,431200,,
431281,洪江市,4,431200,109.836475,27.209385
431302,娄星区,4,431300,112.001922,27.730208
431321,双峰县,4,431300,112.174265,27.457996
431322,新化县,4,431300,111.327674,27.725416
431381,冷水江市,4,431300,111.459199,27.656017
431382,涟源市,4,431300,111.663837,27.693813
433101,吉首市,4,433100,109.698348,28.261948
433122,泸溪县,4,433100,110.219619,28.216109
433123,凤凰县,4,433100,109.580815,27.957441
433124,花垣县,4,433100,109.482378,28.57191
433125,保靖县,4,433100,109.660433,28.699939
433126,古丈县,4,433100,109.95072,28.616971
433127,永顺县,4,433100,109.857142,28.979819
433130,龙山县,4,433100,109.443974,29.457623
440103,荔湾区,4,440100,113.218998,23.107123
440104,越秀区,4,440100,113.267065,23.128673
440105,海珠区,4,440100,113.317412,23.084003
440106,天河区,4,440100,113.361597,23.124817
440111,白云区,4,440100,113.2732,23.157159
440112,黄埔区,4,440100,113.480613,23.181355
440113,番禺区,4,440100,113.383917,22.93756
440114,花都区,4,440100,113.220125,23.404326
440115,南沙区,4,440100,113.525178,22.801435
440117,从化区,4,440100,113.586329,23.54915
440118,增城区,4,440100,113.810734,23.261452
440203,武江区,4,440200,113.58792,24.7929
440204,浈江区,4,440200,113.611077,24.804898
440205,曲江区,4,440200,113.604591,24.682826
440222,始兴县,4,440200,114.061998,24.953908
440224,仁化县,4,440200,113.749175,25.085764
440229,翁源县,4,440200,114.129986,24.350581
440232,乳源瑶族自治县,4,440200,113.275875,24.775856
440233,新丰县,4,440200,114.206641,24.059909
440281,乐昌市,4,440200,113.347669,25.129892
440282,南雄市,4,440200,114.31184,25.117653
440303,罗湖区,4,440300,114.131611,22.548309
440304,福田区,4,440300,114.055198,22.520922
440305,南山区,4,440300,113.930478,22.533191
440306,宝安区,4,440300,113.883831,22.554986
440307,龙岗区,4,440300,114.246884,22.720889
440308,盐田区,4,440300,114.236739,22.557001
440309,龙华区,4,440300,114.04491,22.696735
440310,坪山区,4,440300,114.350844,22.708786
440311,光明区,4,440300,113.94733,22.744136
440402,香洲区,4,440400,113.543372,22.265635
440403,斗门区,4,440400,113.296228,22.209134
440404,金湾区,4,440400,113.363224,22.146717
440507,龙湖区,4,440500,116.716464,23.372211
440511,金平区,4,440500,116.70341,23.365716
440512,濠江区,4,440500,116.726701,23.286605
440513,潮阳区,4,440500,116.601677,23.264923
440514,潮南区,4,440500,116.439105,23.239196
440515,澄海区,4,440500,116.755945,23.466314
440523,南澳县,4,440500,117.023482,23.421658
440604,禅城区,4,440600,113.122532,23.009475
440605,南海区,4,440600,113.143246,23.028875
440606,顺德区,4,440600,113.293197,22.805413
440607,三水区,4,440600,112.897271,23.156675
440608,高明区,4,440600,112.892573,22.900047
440703,蓬江区,4,440700,113.078914,22.595285
440704,江海区,4,440700,113.111029,22.561301
440705,新会区,4,440700,113.034454,22.458519
440781,台山市,4,440700,112.793812,22.251947
440783,开平市,4,440700,112.698113,22.377378
440784,鹤山市,4,440700,112.964203,22.765912
440785,恩平市,4,440700,112.304904,22.183743
440802,赤坎区,4,440800,110.365592,21.265948
440803,霞山区,4,440800,110.397721,21.192463
440804,坡头区,4,440800,110.455192,21.244405
440811,麻章区,4,440800,110.333833,21.26437
440823,遂溪县,4,440800,110.25043,21.378371
440825,徐闻县,4,440800,110.17595,20.325969
440881,廉江市,4,440800,110.286109,21.609988
440882,雷州市,4,440800,110.097011,20.914548
440883,吴川市,4,440800,110.779361,21.440763
440902,茂南区,4,440900,110.918566,21.641661
440904,电白区,4,440900,111.013368,21.513946
440981,高州市,4,440900,110.85402,21.919654
440982,化州市,4,440900,110.639581,21.664483
440983,信宜市,4,440900,110.946866,22.354887
441202,端州区,4,441200,112.485577,23.051847
441203,鼎湖区,4,441200,112.56738,23.159062
441204,高要区,4,441200,112.458055,23.02474
441223,广宁县,4,441200,112.440694,23.634808
441224,怀集县,4,441200,112.166908,23.920806
441225,封开县,4,441200,111.512177,23.423928
441226,德庆县,4,441200,111.785544,23.145035
441284,四会市,4,441200,112.734309,23.326991
441302,惠城区,4,441300,114.382526,23.084657
441303,惠阳区,4,441300,114.456107,22.789431
441322,博罗县,4,441300,114.289602,23.172587
441323,惠东县,4,441300,114.720136,22.984831
441324,龙门县,4,441300,114.254898,23.727873
441402,梅江区,4,441400,116.116686,24.31065
441403,梅县区,4,441400,116.081395,24.266191
441422,大埔县,4,441400,116.694825,24.347037
441423,丰顺县,4,441400,116.181895,23.739364
441424,五华县,4,441400,115.775751,23.932568
441426,平远县,4,441400,115.891235,24.566928
441427,蕉岭县,4,441400,116.171477,24.658963
441481,兴宁市,4,441400,115.731133,24.137296
441502,城区,4,441500,115.36522,22.779204
441521,海丰县,4,441500,115.322974,22.967212
441523,陆河县,4,441500,115.659978,23.301557
441581,陆丰市,4,441500,115.652142,22.91874
441602,源城区,4,441600,114.703305,23.734055
441621,紫金县,4,441600,115.183814,23.635597
441622,龙川县,4,441600,115.26002,24.100599
441623,连平县,4,441600,114.488358,24.369552
441624,和平县,4,441600,114.935634,24.469177
441625,东源县,4,441600,114.7466,23.790079
441702,江城区,4,441700,111.95486,21.862451
441704,阳东区,4,441700,112.005586,21.869081
441721,阳西县,4,441700,111.617696,21.753935
441781,阳春市,4,441700,111.791587,22.17041
441802,清城区,4,441800,113.062612,23.697889
441803,清新区,4,441800,113.017747,23.734677
441821,佛冈县,4,441800,113.531559,23.879455
441823,阳山县,4,441800,112.641199,24.465234
441825,连山壮族瑶族自治县,4,441800,112.093726,24.570553
441826,连南瑶族自治县,4,441800,112.287212,24.725953
441881,英德市,4,441800,113.401827,24.20716
441882,连州市,4,441800,112.377255,24.780873
445102,湘桥区,4,445100,116.628343,23.675104
445103,潮安区,4,445100,116.676971,23.463598
445122,饶平县,4,445100,117.0045,23.663294
445202,榕城区,4,445200,116.36714,23.525918
445203,揭东区,4,445200,116.411928,23.567252
445222,揭西县,4,445200,115.841742,23.431314
445224,惠来县,4,445200,116.295038,23.033889
445281,普宁市,4,445200,116.165646,23.297742
445302,云城区,4,445300,112.043945,22.92815
445303,云安区,4,445300,112.002947,23.070334
445321,新兴县,4,445300,112.225174,22.695915
445322,郁南县,4,445300,111.535387,23.234561
445381,罗定市,4,445300,111.569788,22.768345
450102,兴宁区,4,450100,108.368071,22.85354
450103,青秀区,4,450100,108.495204,22.785833
450105,江南区,4,450100,108.273206,22.781166
450107,西乡塘区,4,450100,108.31344,22.833852
450108,良庆区,4,450100,108.393889,22.753613
450109,邕宁区,4,450100,108.487438,22.758633
450110,武鸣区,4,450100,108.274869,23.159257
450123,隆安县,4,450100,107.695721,23.166356
450124,马山县,4,450100,108.177764,23.708448
450125,上林县,4,450100,108.605089,23.432451
450126,宾阳县,4,450100,108.810336,23.217771
450181,横州市,4,450100,109.262448,22.681257
450202,城中区,4,450200,109.427398,24.366964
450203,鱼峰区,4,450200,109.452781,24.318276
450204,柳南区,4,450200,109.385504,24.336229
450205,柳北区,4,450200,109.402009,24.362611
450206,柳江区,4,450200,109.326365,24.255644
450222,柳城县,4,450200,109.244565,24.649989
450223,鹿寨县,4,450200,109.750527,24.472897
450224,融安县,4,450200,109.397538,25.224549
450225,融水苗族自治县,4,450200,109.256609,25.066624
450226,三江侗族自治县,4,450200,109.607675,25.783197
450302,秀峰区,4,450300,110.264102,25.273954
450303,叠彩区,4,450300,110.301489,25.314158
450304,象山区,4,450300,110.281223,25.261585
450305,七星区,4,450300,110.317576,25.253093
450311,雁山区,4,450300,110.286611,25.101798
450312,临桂区,4,450300,110.212425,25.238556
450321,阳朔县,4,450300,110.496305,24.778785
450323,灵川县,4,450300,110.319837,25.3948
450324,全州县,4,450300,111.087089,25.94939
450325,兴安县,4,450300,110.672013,25.612576
450326,永福县,4,450300,109.987507,24.974409
450327,灌阳县,4,450300,111.160764,25.489419
450328,龙胜各族自治县,4,450300,110.011662,25.79803
450329,资源县,4,450300,110.652612,26.042452
450330,平乐县,4,450300,110.632867,24.622814
450332,恭城瑶族自治县,4,450300,110.82841,24.831581
450381,荔浦市,4,450300,110.395232,24.48843
450403,万秀区,4,450400,111.318065,23.470543
450405,长洲区,4,450400,111.274276,23.486279
450406,龙圩区,4,450400,111.247514,23.414869
450421,苍梧县,4,450400,111.547244,23.868208
450422,藤县,4,450400,110.914606,23.375538
450423,蒙山县,4,450400,110.525003,24.193567
450481,岑溪市,4,450400,110.994955,22.918327
450502,海城区,4,450500,109.117256,21.474914
450503,银海区,4,450500,109.139689,21.449729
450512,铁山港区,4,450500,109.422099,21.529878
450521,合浦县,4,450500,109.207236,21.66132
450602,港口区,4,450600,108.380273,21.643426
450603,防城区,4,450600,108.353978,21.768826
450621,上思县,4,450600,107.983627,22.153671
450681,东兴市,4,450600,107.971828,21.547821
450702,钦南区,4,450700,108.657427,21.940438
450703,钦北区,4,450700,108.638738,22.0024
450721,灵山县,4,450700,109.290698,22.416671
450722,浦北县,4,450700,109.556232,22.271902
450802,港北区,4,450800,109.572227,23.11136
450803,港南区,4,450800,109.599357,23.075816
450804,覃塘区,4,450800,109.452668,23.127405
450821,平南县,4,450800,110.392489,23.540413
450881,桂平市,4,450800,110.079315,23.394208
450902,玉州区,4,450900,110.150717,22.628476
450903,福绵区,4,450900,110.059564,22.585316
450921,容县,4,450900,110.558093,22.85844
450922,陆川县,4,450900,110.26412,22.321563
450923,博白县,4,450900,109.975856,22.273539
450924,兴业县,4,450900,109.875223,22.736395
450981,北流市,4,450900,110.353765,22.708415
451002,右江区,4,451000,106.618151,23.900804
451003,田阳区,4,451000,106.915424,23.735631
451022,田东县,4,451000,107.125609,23.596706
451024,德保县,4,451000,106.615087,23.324084
451026,那坡县,4,451000,105.83234,23.387997
451027,凌云县,4,451000,106.56114,24.347444
451028,乐业县,4,451000,106.556564,24.776812
451029,田林县,4,451000,106.22874,24.294627
451030,西林县,4,451000,105.097229,24.50762
451031,隆林各族自治县,4,451000,105.343816,24.770649
451081,靖西市,4,451000,106.417666,23.134375
451082,平果市,4,451000,107.589768,23.329815
451102,八步区,4,451100,111.552029,24.411822
451103,平桂区,4,451100,111.479839,24.453094
451121,昭平县,4,451100,110.811158,24.169675
451122,钟山县,4,451100,111.303085,24.526041
451123,富川瑶族自治县,4,451100,111.296012,24.811601
451202,金城江区,4,451200,108.085166,24.692865
451203,宜州区,4,451200,108.611303,24.500981
451221,南丹县,4,451200,107.540578,24.975066
451222,天峨县,4,451200,107.172287,24.999181
451223,凤山县,4,451200,107.042157,24.546913
451224,东兰县,4,451200,107.374259,24.510698
451225,罗城仫佬族自治县,4,451200,108.904613,24.777501
451226,环江毛南族自治县,4,451200,108.258426,24.825923
451227,巴马瑶族自治县,4,451200,107.258671,24.142216
451228,都安瑶族自治县,4,451200,108.105229,23.932704
451229,大化瑶族自治县,4,451200,107.998151,23.735699
451302,兴宾区,4,451300,109.183284,23.727647
451321,忻城县,4,451300,108.665641,24.066176
451322,象州县,4,451300,109.704852,23.973832
451323,武宣县,4,451300,109.663153,23.594444
451324,金秀瑶族自治县,4,451300,110.190354,24.130509
451381,合山市,4,451300,108.885829,23.807032
451402,江州区,4,451400,107.353694,22.40609
451421,扶绥县,4,451400,107.90389,22.635542
451422,宁明县,4,451400,107.076394,22.140242
451423,龙州县,4,451400,106.854001,22.343591
451424,大新县,4,451400,107.200654,22.829287
451425,天等县,4,451400,107.143539,23.080818
451481,凭祥市,4,451400,106.766715,22.094421
460105,秀英区,4,460100,110.293566,20.007703
460106,龙华区,4,460100,110.328628,20.030843
460107,琼山区,4,460100,110.384318,19.984293
460108,美兰区,4,460100,110.366359,20.028983
460202,海棠区,4,460200,109.735676,18.384177
460203,吉阳区,4,460200,109.578238,18.28146
460204,天涯区,4,460200,109.452325,18.298975
460205,崖州区,4,460200,109.172298,18.357572
460321,西沙群岛,4,460300,,
460322,南沙群岛,4,460300,,
460323,中沙群岛的岛礁及其海域,4,460300,,
469001,五指山市,4,469000,109.684604,18.822608
469002,琼海市,4,469000,110.47166,19.324626
469005,文昌市,4,469000,110.707616,19.498201
469006,万宁市,4,469000,110.031092,18.749525
469007,东方市,4,469000,108.700528,19.035446
469021,定安县,4,469000,110.351241,19.451448
469022,屯昌县,4,469000,110.136198,19.558967
469023,澄迈县,4,469000,110.186668,19.641706
469024,临高县,4,469000,109.614806,19.855541
469025,白沙黎族自治县,4,469000,109.047858,19.368662
469026,昌江黎族自治县,4,469000,108.847421,19.296495
469027,乐东黎族自治县,4,469000,108.755614,18.536206
469028,陵水黎族自治县,4,469000,109.83713,18.632318
469029,保亭黎族苗族自治县,4,469000,109.773883,18.600774
469030,琼中黎族苗族自治县,4,469000,110.071277,18.773381
500101,万州区,4,500100,108.408591,30.807621
500102,涪陵区,4,500100,107.246521,29.752475
500103,渝中区,4,500100,106.568955,29.552642
500104,大渡口区,4,500100,106.482299,29.484464
500105,江北区,4,500100,,
500106,沙坪坝区,4,500100,106.456939,29.541017
500107,九龙坡区,4,500100,106.510515,29.502325
500108,南岸区,4,500100,106.644254,29.50109
500109,北碚区,4,500100,106.395593,29.805197
500110,綦江区,4,500100,106.651213,29.028117
500111,大足区,4,500100,105.721825,29.707555
500112,渝北区,4,500100,,
500113,巴南区,4,500100,106.540603,29.402348
500114,黔江区,4,500100,108.770677,29.533609
500115,长寿区,4,500100,107.080945,29.857916
500116,江津区,4,500100,106.264435,29.319984
500117,合川区,4,500100,106.27617,29.971968
500118,永川区,4,500100,105.926951,29.356384
500119,南川区,4,500100,107.099147,29.157879
500120,璧山区,4,500100,106.204885,29.577455
500151,铜梁区,4,500100,106.056265,29.845248
500152,潼南区,4,500100,105.840487,30.191077
500153,荣昌区,4,500100,105.6118,29.416892
500154,开州区,4,500100,108.39336,31.160416
500155,梁平区,4,500100,107.769568,30.654233
500156,武隆区,4,500100,107.759955,29.325707
500229,城口县,4,500100,108.664349,31.947319
500230,丰都县,4,500100,107.731056,29.863785
500231,垫江县,4,500100,107.332511,30.327548
500233,忠县,4,500100,108.038073,30.299817
500235,云阳县,4,500100,108.6975,30.930628
500236,奉节县,4,500100,109.401056,31.018505
500237,巫山县,4,500100,109.878995,31.07478
500238,巫溪县,4,500100,109.570038,31.398619
500240,石柱土家族自治县,4,500100,108.114251,29.999066
500241,秀山土家族苗族自治县,4,500100,109.007096,28.448248
500242,酉阳土家族苗族自治县,4,500100,108.76726,28.841409
500243,彭水苗族土家族自治县,4,500100,108.165571,29.293748
510104,锦江区,4,510100,104.117262,30.598726
510105,青羊区,4,510100,104.062415,30.674583
510106,金牛区,4,510100,104.052236,30.691359
510107,武侯区,4,510100,104.043246,30.641849
510108,成华区,4,510100,104.101452,30.659966
510112,龙泉驿区,4,510100,104.27536,30.556808
510113,青白江区,4,510100,104.251342,30.8786
510114,新都区,4,510100,104.158593,30.823568
510115,温江区,4,510100,103.856423,30.681956
510116,双流区,4,510100,103.92342,30.574884
510117,郫都区,4,510100,103.900486,30.795113
510118,新津区,4,510100,103.810906,30.410404
510121,金堂县,4,510100,104.411871,30.86203
510129,大邑县,4,510100,103.51226,30.573004
510131,蒲江县,4,510100,103.506478,30.197558
510181,都江堰市,4,510100,103.647193,30.988763
510182,彭州市,4,510100,103.957706,30.990463
510183,邛崃市,4,510100,103.464176,30.41029
510184,崇州市,4,510100,103.673025,30.630183
510185,简阳市,4,510100,104.547644,30.410937
510302,自流井区,4,510300,104.777182,29.337295
510303,贡井区,4,510300,104.704179,29.333764
510304,大安区,4,510300,104.773982,29.36371
510311,沿滩区,4,510300,104.873826,29.27208
510321,荣县,4,510300,104.417438,29.445461
510322,富顺县,4,510300,104.975193,29.181779
510402,东区,4,510400,101.700445,26.549403
510403,西区,4,510400,101.630557,26.5977
510411,仁和区,4,510400,101.738615,26.497796
510421,米易县,4,510400,102.111073,26.896372
510422,盐边县,4,510400,101.854027,26.682611
510502,江阳区,4,510500,105.434982,28.87881
510503,纳溪区,4,510500,105.371324,28.772888
510504,龙马潭区,4,510500,105.437751,28.913257
510521,泸县,4,510500,105.381879,29.1516
510522,合江县,4,510500,105.831011,28.811278
510524,叙永县,4,510500,105.444777,28.155631
510525,古蔺县,4,510500,105.812694,28.038763
510603,旌阳区,4,510600,104.417061,31.143335
510604,罗江区,4,510600,104.510457,31.317388
510623,中江县,4,510600,104.678601,31.03327
510681,广汉市,4,510600,104.282204,30.977264
510682,什邡市,4,510600,104.167345,31.12655
510683,绵竹市,4,510600,104.220679,31.339251
510703,涪城区,4,510700,104.756917,31.455192
510704,游仙区,4,510700,104.766136,31.473788
510705,安州区,4,510700,104.567543,31.534319
510722,三台县,4,510700,105.093722,31.095826
510723,盐亭县,4,510700,105.389453,31.208362
510725,梓潼县,4,510700,105.170746,31.642635
510726,北川羌族自治县,4,510700,104.468163,31.617192
510727,平武县,4,510700,104.555481,32.409684
510781,江油市,4,510700,104.74564,31.778572
510802,利州区,4,510800,105.845307,32.433756
510811,昭化区,4,510800,105.957612,32.333173
510812,朝天区,4,510800,105.882848,32.651352
510821,旺苍县,4,510800,106.290124,32.229074
510822,青川县,4,510800,105.238498,32.575821
510823,剑阁县,4,510800,105.524699,32.288681
510824,苍溪县,4,510800,105.934756,31.731709
510903,船山区,4,510900,105.568359,30.526201
510904,安居区,4,510900,105.45636,30.355091
510921,蓬溪县,4,510900,105.707498,30.75763
510923,大英县,4,510900,105.236852,30.594472
510981,射洪市,4,510900,105.388366,30.871079
511002,市中区,4,511000,105.06759,29.587091
511011,东兴区,4,511000,105.076107,29.593528
511024,威远县,4,511000,104.669032,29.527456
511025,资中县,4,511000,104.851874,29.763419
511071,内江经济开发区,4,511000,,
511083,隆昌市,4,511000,105.287507,29.339408
511102,市中区,4,511100,103.761329,29.555374
511111,沙湾区,4,511100,103.550118,29.412404
511112,五通桥区,4,511100,103.818024,29.406837
511113,金口河区,4,511100,103.078597,29.244345
511123,犍为县,4,511100,103.949231,29.208118
511124,井研县,4,511100,104.06968,29.65165
511126,夹江县,4,511100,103.571313,29.738143
511129,沐川县,4,511100,103.902691,28.956394
511132,峨边彝族自治县,4,511100,103.262048,29.230426
511133,马边彝族自治县,4,511100,103.546347,28.83552
511181,峨眉山市,4,511100,103.484557,29.601189
511302,顺庆区,4,511300,106.092327,30.797366
511303,高坪区,4,511300,106.118931,30.781284
511304,嘉陵区,4,511300,106.07208,30.758831
511321,南部县,4,511300,106.036349,31.348255
511322,营山县,4,511300,106.565524,31.077057
511323,蓬安县,4,511300,106.412156,31.028537
511324,仪陇县,4,511300,106.303082,31.271693
511325,西充县,4,511300,105.900894,30.995546
511381,阆中市,4,511300,106.005046,31.558356
511402,东坡区,4,511400,103.831868,30.041956
511403,彭山区,4,511400,103.872852,30.193278
511421,仁寿县,4,511400,104.133931,29.995638
511423,洪雅县,4,511400,103.365035,29.915828
511424,丹棱县,4,511400,103.512859,30.014398
511425,青神县,4,511400,103.846596,29.831302
511502,翠屏区,4,511500,104.619853,28.766537
511503,南溪区,4,511500,104.969147,28.846366
511504,叙州区,4,511500,104.533244,28.690068
511523,江安县,4,511500,105.066982,28.723797
511524,长宁县,4,511500,104.920643,28.582866
511525,高县,4,511500,104.517748,28.436166
511526,珙县,4,511500,104.708986,28.439514
511527,筠连县,4,511500,104.511159,28.167981
511528,兴文县,4,511500,105.236207,28.303669
511529,屏山县,4,511500,104.346138,28.82867
511602,广安区,4,511600,106.641628,30.473943
511603,前锋区,4,511600,106.886039,30.496059
511621,岳池县,4,511600,106.440056,30.538656
511622,武胜县,4,511600,106.295945,30.349493
511623,邻水县,4,511600,106.930242,30.334911
511681,华蓥市,4,511600,106.783151,30.390439
511702,通川区,4,511700,107.505053,31.214665
511703,达川区,4,511700,107.511736,31.196573
511722,宣汉县,4,511700,107.727198,31.353845
511723,开江县,4,511700,107.868609,31.082945
511724,大竹县,4,511700,107.204702,30.736222
511725,渠县,4,511700,106.973114,30.836504
511771,达州经济开发区,4,511700,,
511781,万源市,4,511700,108.034393,32.081698
511802,雨城区,4,511800,103.032868,30.005718
511803,名山区,4,511800,103.109238,30.069837
511822,荥经县,4,511800,102.846537,29.793254
511823,汉源县,4,511800,102.650417,29.344275
511824,石棉县,4,511800,102.358364,29.230963
511825,天全县,4,511800,102.771745,30.05728
511826,芦山县,4,511800,102.933618,30.145077
511827,宝兴县,4,511800,102.824826,30.252469
511902,巴州区,4,511900,106.76887,31.851458
511903,恩阳区,4,511900,106.634651,31.796476
511921,通江县,4,511900,107.245033,31.911705
511922,南江县,4,511900,106.828697,32.346589
511923,平昌县,4,511900,107.103613,31.560436
511971,巴中经济开发区,4,511900,,
512002,雁江区,4,512000,104.676814,30.107778
512021,安岳县,4,512000,105.35551,30.103623
512022,乐至县,4,512000,105.019823,30.275418
513201,马尔康市,4,513200,102.206386,31.905799
513221,汶川县,4,513200,103.590185,31.476875
513222,理县,4,513200,103.163284,31.435831
513223,茂县,4,513200,103.85332,31.681727
513224,松潘县,4,513200,103.60428,32.655685
513225,九寨沟县,4,513200,104.2426,33.252008
513226,金川县,4,513200,102.063821,31.47625
513227,小金县,4,513200,102.362984,30.995823
513228,黑水县,4,513200,102.987592,32.069268
513230,壤塘县,4,513200,100.978526,32.265796
513231,阿坝县,4,513200,101.706548,32.902387
513232,若尔盖县,4,513200,102.96738,33.578503
513233,红原县,4,513200,102.544395,32.790841
513301,康定市,4,513300,101.95687,29.998544
513322,泸定县,4,513300,102.234814,29.914103
513323,丹巴县,4,513300,101.89054,30.878618
513324,九龙县,4,513300,101.507294,29.000347
513325,雅江县,4,513300,101.014366,30.031498
513326,道孚县,4,513300,101.125157,30.979486
513327,炉霍县,4,513300,100.676014,31.390657
513328,甘孜县,4,513300,99.991683,31.622731
513329,新龙县,4,513300,100.311569,30.93917
513330,德格县,4,513300,98.580914,31.806118
513331,白玉县,4,513300,98.824025,31.209669
513332,石渠县,4,513300,98.102938,32.978728
513333,色达县,4,513300,100.333011,32.268541
513334,理塘县,4,513300,100.269145,29.994228
513335,巴塘县,4,513300,99.110555,30.00533
513336,乡城县,4,513300,99.798116,28.931081
513337,稻城县,4,513300,100.297369,29.03791
513338,得荣县,4,513300,99.286366,28.713085
513401,西昌市,4,513400,102.264166,27.89441
513402,会理市,4,513400,102.244774,26.655047
513422,木里藏族自治县,4,513400,101.280216,27.928736
513423,盐源县,4,513400,101.509038,27.422593
513424,德昌县,4,513400,102.175661,27.402832
513426,会东县,4,513400,102.577979,26.634744
513427,宁南县,4,513400,102.751587,27.061431
513428,普格县,4,513400,102.540901,27.376413
513429,布拖县,4,513400,102.809157,27.7121
513430,金阳县,4,513400,103.248786,27.696735
513431,昭觉县,4,513400,102.839849,28.015301
513432,喜德县,4,513400,102.412451,28.306429
513433,冕宁县,4,513400,102.176622,28.550145
513434,越西县,4,513400,102.507467,28.639874
513435,甘洛县,4,513400,102.771441,28.959131
513436,美姑县,4,513400,103.132359,28.328591
513437,雷波县,4,513400,103.571705,28.263202
520102,南明区,4,520100,106.714305,26.568055
520103,云岩区,4,520100,106.724394,26.604604
520111,花溪区,4,520100,106.67026,26.409817
520112,乌当区,4,520100,106.75069,26.630911
520113,白云区,4,520100,106.623069,26.677932
520115,观山湖区,4,520100,106.598978,26.616134
520121,开阳县,4,520100,106.964716,27.057823
520122,息烽县,4,520100,106.740407,27.090479
520123,修文县,4,520100,106.591958,26.836048
520181,清镇市,4,520100,106.473131,26.572978
520201,钟山区,4,520200,104.843723,26.574699
520203,六枝特区,4,520200,105.477199,26.214356
520204,水城区,4,520200,104.957871,26.547604
520281,盘州市,4,520200,104.471554,25.709878
520302,红花岗区,4,520300,106.893598,27.644793
520303,汇川区,4,520300,106.933727,27.749716
520304,播州区,4,520300,106.829081,27.535735
520322,桐梓县,4,520300,106.824661,28.132991
520323,绥阳县,4,520300,107.191326,27.946049
520324,正安县,4,520300,107.454463,28.553507
520325,道真仡佬族苗族自治县,4,520300,107.613076,28.862548
520326,务川仡佬族苗族自治县,4,520300,107.899353,28.562921
520327,凤冈县,4,520300,107.71646,27.954424
520328,湄潭县,4,520300,107.465492,27.748942
520329,余庆县,4,520300,107.906043,27.21513
520330,习水县,4,520300,106.19715,28.332923
520381,赤水市,4,520300,105.697501,28.590474
520382,仁怀市,4,520300,106.401322,27.791883
520402,西秀区,4,520400,105.966086,26.243928
520403,平坝区,4,520400,106.255768,26.405968
520422,普定县,4,520400,105.743156,26.301876
520423,镇宁布依族苗族自治县,4,520400,105.770543,26.057248
520424,关岭布依族苗族自治县,4,520400,105.618333,25.945466
520425,紫云苗族布依族自治县,4,520400,106.084441,25.751047
520502,七星关区,4,520500,105.305219,27.298304
520521,大方县,4,520500,105.601963,27.14443
520523,金沙县,4,520500,106.220112,27.458601
520524,织金县,4,520500,105.770249,26.663649
520525,纳雍县,4,520500,105.414578,26.779344
520526,威宁彝族回族苗族自治县,4,520500,104.252787,26.873872
520527,赫章县,4,520500,104.728011,27.117933
520581,黔西市,4,520500,106.032277,27.008681
520602,碧江区,4,520600,109.264271,27.815244
520603,万山区,4,520600,109.153685,27.671268
520621,江口县,4,520600,108.843993,27.704883
520622,玉屏侗族自治县,4,520600,108.906415,27.235816
520623,石阡县,4,520600,108.223686,27.513499
520624,思南县,4,520600,108.253798,27.937464
520625,印江土家族苗族自治县,4,520600,108.409638,27.994442
520626,德江县,4,520600,108.120773,28.264028
520627,沿河土家族自治县,4,520600,108.503152,28.564083
520628,松桃苗族自治县,4,520600,109.202877,28.15427
522301,兴义市,4,522300,104.895503,25.09196
522302,兴仁市,4,522300,105.186132,25.43509
522323,普安县,4,522300,104.953289,25.784225
522324,晴隆县,4,522300,105.218956,25.834729
522325,贞丰县,4,522300,105.64976,25.38558
522326,望谟县,4,522300,106.094864,25.174204
522327,册亨县,4,522300,105.811592,24.983663
522328,安龙县,4,522300,105.442702,25.099014
522601,凯里市,4,522600,107.981409,26.5662
522622,黄平县,4,522600,107.916651,26.905278
522623,施秉县,4,522600,108.124531,27.033107
522624,三穗县,4,522600,108.675265,26.953359
522625,镇远县,4,522600,108.429536,27.049033
522626,岑巩县,4,522600,108.815855,27.174124
522627,天柱县,4,522600,109.207826,26.909548
522628,锦屏县,4,522600,109.200808,26.675919
522629,剑河县,4,522600,108.441501,26.728274
522630,台江县,4,522600,108.321244,26.667525
522631,黎平县,4,522600,109.125826,26.213304
522632,榕江县,4,522600,108.52188,25.931893
522633,从江县,4,522600,108.904998,25.754638
522634,雷山县,4,522600,108.078217,26.378892
522635,麻江县,4,522600,107.589455,26.49129
522636,丹寨县,4,522600,107.789301,26.19857
522701,都匀市,4,522700,107.518628,26.259456
522702,福泉市,4,522700,107.520371,26.686773
522722,荔波县,4,522700,107.88057,25.402528
522723,贵定县,4,522700,107.232208,26.557205
522725,瓮安县,4,522700,107.471307,27.07838
522726,独山县,4,522700,107.557591,25.865418
522727,平塘县,4,522700,107.322635,25.822395
522728,罗甸县,4,522700,106.751724,25.42616
522729,长顺县,4,522700,106.44057,26.003187
522730,龙里县,4,522700,106.979177,26.453546
522731,惠水县,4,522700,106.656993,26.132045
522732,三都水族自治县,4,522700,107.869489,25.983572
530102,五华区,4,530100,102.707262,25.043635
530103,盘龙区,4,530100,102.751643,25.116512
530111,官渡区,4,530100,102.748888,24.950285
530112,西山区,4,530100,102.664426,25.038039
530113,东川区,4,530100,103.187825,26.082997
530114,呈贡区,4,530100,102.822104,24.885738
530115,晋宁区,4,530100,102.595325,24.669077
530124,富民县,4,530100,102.497722,25.221924
530125,宜良县,4,530100,103.141674,24.91983
530126,石林彝族自治县,4,530100,103.290536,24.771761
530127,嵩明县,4,530100,103.043384,25.327273
530128,禄劝彝族苗族自治县,4,530100,102.471993,25.551768
530129,寻甸回族彝族自治县,4,530100,103.256559,25.558163
530181,安宁市,4,530100,102.47865,24.919831
530302,麒麟区,4,530300,103.804406,25.496472
530303,沾益区,4,530300,103.822104,25.600424
530304,马龙区,4,530300,103.578459,25.428102
530322,陆良县,4,530300,103.66671,25.0293
530323,师宗县,4,530300,103.985224,24.822471
530324,罗平县,4,530300,104.297124,24.865388
530325,富源县,4,530300,104.255082,25.674217
530326,会泽县,4,530300,103.297155,26.417116
530381,宣威市,4,530300,104.104255,26.218956
530402,红塔区,4,530400,102.540122,24.341215
530403,江川区,4,530400,102.748499,24.299441
530423,通海县,4,530400,102.725538,24.11114
530424,华宁县,4,530400,102.928914,24.19322
530425,易门县,4,530400,102.161947,24.672156
530426,峨山彝族自治县,4,530400,102.405698,24.168899
530427,新平彝族傣族自治县,4,530400,101.990805,24.070436
530428,元江哈尼族彝族傣族自治县,4,530400,101.998138,23.596068
530481,澄江市,4,530400,102.904181,24.675536
530502,隆阳区,4,530500,99.165638,25.121137
530521,施甸县,4,530500,99.18919,24.723084
530523,龙陵县,4,530500,98.68941,24.586703
530524,昌宁县,4,530500,99.605105,24.827739
530581,腾冲市,4,530500,98.490276,25.020283
530602,昭阳区,4,530600,103.706323,27.320035
530621,鲁甸县,4,530600,103.557969,27.186668
530622,巧家县,4,530600,102.935343,26.896904
530623,盐津县,4,530600,104.234458,28.108475
530624,大关县,4,530600,103.891164,27.748054
530625,永善县,4,530600,103.63756,28.229018
530626,绥江县,4,530600,103.968995,28.592119
530627,镇雄县,4,530600,104.873486,27.441527
530628,彝良县,4,530600,104.055991,27.624277
530629,威信县,4,530600,105.049012,27.846839
530681,水富市,4,530600,104.415964,28.629951
530702,古城区,4,530700,100.22583,26.876468
530721,玉龙纳西族自治县,4,530700,100.236967,26.821494
530722,永胜县,4,530700,100.750907,26.684215
530723,华坪县,4,530700,101.265373,26.629598
530724,宁蒗彝族自治县,4,530700,100.851083,27.282207
530802,思茅区,4,530800,100.977069,22.786769
530821,宁洱哈尼族彝族自治县,4,530800,101.045743,23.048809
530822,墨江哈尼族自治县,4,530800,101.692461,23.431894
530823,景东彝族自治县,4,530800,100.833877,24.446731
530824,景谷傣族彝族自治县,4,530800,100.702807,23.496987
530825,镇沅彝族哈尼族拉祜族自治县,4,530800,101.108733,24.00445
530826,江城哈尼族彝族自治县,4,530800,101.862344,22.585858
530827,孟连傣族拉祜族佤族自治县,4,530800,99.584225,22.329053
530828,澜沧拉祜族自治县,4,530800,99.932045,22.555799
530829,西盟佤族自治县,4,530800,99.59016,22.644237
530902,临翔区,4,530900,100.082073,23.895298
530921,凤庆县,4,530900,99.92873,24.580559
530922,云县,4,530900,100.1303,24.444461
530923,永德县,4,530900,99.258702,24.018463
530924,镇康县,4,530900,98.825389,23.762886
530925,双江拉祜族佤族布朗族傣族自治县,4,530900,99.828225,23.472719
530926,耿马傣族佤族自治县,4,530900,99.397126,23.538092
530927,沧源佤族自治县,4,530900,99.245894,23.146758
532301,楚雄市,4,532300,101.546242,25.032945
532302,禄丰市,4,532300,102.079082,25.151061
532322,双柏县,4,532300,101.642369,24.688814
532323,牟定县,4,532300,101.546898,25.312939
532324,南华县,4,532300,101.283236,25.200163
532325,姚安县,4,532300,101.241632,25.504287
532326,大姚县,4,532300,101.336576,25.729551
532327,永仁县,4,532300,101.666795,26.049522
532328,元谋县,4,532300,101.87434,25.704499
532329,武定县,4,532300,102.403949,25.530731
532501,个旧市,4,532500,103.152663,23.389935
532502,开远市,4,532500,103.266908,23.714518
532503,蒙自市,4,532500,103.364936,23.396111
532504,弥勒市,4,532500,103.414817,24.411774
532523,屏边苗族自治县,4,532500,103.675458,22.986733
532524,建水县,4,532500,102.826178,23.635824
532525,石屏县,4,532500,102.496138,23.705707
532527,泸西县,4,532500,103.76615,24.531981
532528,元阳县,4,532500,102.835358,23.219671
532529,红河县,4,532500,102.420566,23.368946
532530,金平苗族瑶族傣族自治县,4,532500,103.227982,22.769894
532531,绿春县,4,532500,102.392655,22.993654
532532,河口瑶族自治县,4,532500,103.939265,22.529438
532601,文山市,4,532600,104.233237,23.38683
532622,砚山县,4,532600,104.336905,23.605075
532623,西畴县,4,532600,104.671802,23.437707
532624,麻栗坡县,4,532600,104.702732,23.125837
532625,马关县,4,532600,104.394524,23.013108
532626,丘北县,4,532600,104.166713,24.05064
532627,广南县,4,532600,105.055075,24.046378
532628,富宁县,4,532600,105.630921,23.625072
532801,景洪市,4,532800,100.799595,22.011792
532822,勐海县,4,532800,100.452444,21.957323
532823,勐腊县,4,532800,101.564635,21.459233
532901,大理市,4,532900,100.301614,25.678466
532922,漾濞彝族自治县,4,532900,99.958089,25.669944
532923,祥云县,4,532900,100.549961,25.483727
532924,宾川县,4,532900,100.590274,25.830491
532925,弥渡县,4,532900,100.491038,25.343778
532926,南涧彝族自治县,4,532900,100.510333,25.032353
532927,巍山彝族回族自治县,4,532900,100.306977,25.227065
532928,永平县,4,532900,99.54063,25.464134
532929,云龙县,4,532900,99.371021,25.885733
532930,洱源县,4,532900,99.962294,26.11337
532931,剑川县,4,532900,99.905041,26.536889
532932,鹤庆县,4,532900,100.176331,26.560122
533102,瑞丽市,4,533100,97.855423,24.018377
533103,芒市,4,533100,98.58809,24.433766
533122,梁河县,4,533100,98.296584,24.804275
533123,盈江县,4,533100,97.943474,24.691325
533124,陇川县,4,533100,97.793359,24.182347
533301,泸水市,4,533300,98.857723,25.822579
533323,福贡县,4,533300,98.869132,26.901831
533324,贡山独龙族怒族自治县,4,533300,98.666279,27.740839
533325,兰坪白族普米族自治县,4,533300,99.416628,26.453622
533401,香格里拉市,4,533400,99.743582,27.842185
533422,德钦县,4,533400,98.917851,28.464213
533423,维西傈僳族自治县,4,533400,99.300937,27.163808
540102,城关区,4,540100,91.140368,29.654813
540103,堆龙德庆区,4,540100,91.002866,29.646815
540104,达孜区,4,540100,91.349503,29.670173
540121,林周县,4,540100,91.265287,29.893545
540122,当雄县,4,540100,91.101186,30.473134
540123,尼木县,4,540100,90.16446,29.43202
540124,曲水县,4,540100,90.743355,29.354293
540127,墨竹工卡县,4,540100,91.739134,29.850344
540171,格尔木藏青工业园区,4,540100,,
540172,拉萨经济技术开发区,4,540100,,
540173,西藏文化旅游创意园区,4,540100,,
540174,达孜工业园区,4,540100,,
540202,桑珠孜区,4,540200,88.898503,29.247726
540221,南木林县,4,540200,89.099243,29.682331
540222,江孜县,4,540200,89.605654,28.91186
540223,定日县,4,540200,87.12612,28.658743
540224,萨迦县,4,540200,88.021674,28.899664
540225,拉孜县,4,540200,87.636934,29.08188
540226,昂仁县,4,540200,87.227739,29.299444
540227,谢通门县,4,540200,88.255784,29.425455
540228,白朗县,4,540200,89.261977,29.107688
540229,仁布县,4,540200,89.841983,29.230933
540230,康马县,4,540200,89.681663,28.555627
540231,定结县,4,540200,87.765872,28.364159
540232,仲巴县,4,540200,84.03793,29.758021
540233,亚东县,4,540200,88.907136,27.486094
540234,吉隆县,4,540200,85.298109,28.856542
540235,聂拉木县,4,540200,85.982237,28.155186
540236,萨嘎县,4,540200,85.232941,29.328818
540237,岗巴县,4,540200,88.515318,28.271189
540302,卡若区,4,540300,97.196021,31.112087
540321,江达县,4,540300,98.218336,31.499176
540322,贡觉县,4,540300,98.27097,30.860099
540323,类乌齐县,4,540300,96.599386,31.211378
540324,丁青县,4,540300,95.619868,31.409024
540325,察雅县,4,540300,97.568752,30.653943
540326,八宿县,4,540300,96.917836,30.053209
540327,左贡县,4,540300,97.841176,29.671488
540328,芒康县,4,540300,98.593493,29.679957
540329,洛隆县,4,540300,95.825169,30.741988
540330,边坝县,4,540300,94.7078,30.933652
540402,巴宜区,4,540400,94.361094,29.636576
540421,工布江达县,4,540400,93.246077,29.88528
540422,米林县,4,540400,,
540423,墨脱县,4,540400,95.332108,29.325425
540424,波密县,4,540400,95.768439,29.859751
540425,察隅县,4,540400,97.466919,28.66128
540426,朗县,4,540400,93.07254,29.046892
540502,乃东区,4,540500,91.761538,29.224904
540521,扎囊县,4,540500,91.33725,29.245113
540522,贡嘎县,4,540500,90.978425,29.290169
540523,桑日县,4,540500,92.017723,29.259439
540524,琼结县,4,540500,91.684307,29.024492
540525,曲松县,4,540500,92.203738,29.062826
540526,措美县,4,540500,91.433509,28.438202
540527,洛扎县,4,540500,90.859971,28.385811
540528,加查县,4,540500,92.597518,29.138165
540529,隆子县,4,540500,92.461774,28.40743
540530,错那县,4,540500,,
540531,浪卡子县,4,540500,90.400251,28.96693
540602,色尼区,4,540600,92.053498,31.469645
540621,嘉黎县,4,540600,93.232347,30.641543
540622,比如县,4,540600,93.681302,31.477914
540623,聂荣县,4,540600,92.303377,32.10775
540624,安多县,4,540600,91.68195,32.265016
540625,申扎县,4,540600,88.709936,30.93045
540626,索县,4,540600,93.785068,31.888045
540627,班戈县,4,540600,90.009822,31.392157
540628,巴青县,4,540600,94.053438,31.91847
540629,尼玛县,4,540600,87.236772,31.784701
540630,双湖县,4,540600,88.838017,33.188355
542521,普兰县,4,542500,81.177116,30.290467
542522,札达县,4,542500,79.807096,31.479882
542523,噶尔县,4,542500,80.096591,32.492078
542524,日土县,4,542500,79.733552,33.382017
542525,革吉县,4,542500,81.145433,32.387233
542526,改则县,4,542500,84.057135,32.297165
542527,措勤县,4,542500,85.152773,31.015862
610102,新城区,4,610100,108.960707,34.266601
610103,碑林区,4,610100,108.940681,34.256727
610104,莲湖区,4,610100,108.944161,34.26535
610111,灞桥区,4,610100,109.064675,34.273111
610112,未央区,4,610100,108.946665,34.293109
610113,雁塔区,4,610100,108.948592,34.222517
610114,阎良区,4,610100,109.226124,34.662232
610115,临潼区,4,610100,109.214249,34.367181
610116,长安区,4,610100,108.906944,34.158668
610117,高陵区,4,610100,109.088269,34.53502
610118,鄠邑区,4,610100,108.604772,34.108707
610122,蓝田县,4,610100,109.323473,34.151256
610124,周至县,4,610100,108.222219,34.163592
610202,王益区,4,610200,109.075615,35.068925
610203,印台区,4,610200,109.099848,35.11454
610204,耀州区,4,610200,108.980095,34.909685
610222,宜君县,4,610200,109.117063,35.398624
610302,渭滨区,4,610300,107.155344,34.355068
610303,金台区,4,610300,107.232733,34.397071
610304,陈仓区,4,610300,107.368993,34.35073
610305,凤翔区,4,610300,107.401029,34.522167
610323,岐山县,4,610300,107.621397,34.44373
610324,扶风县,4,610300,107.900157,34.375636
610326,眉县,4,610300,107.750039,34.274774
610327,陇县,4,610300,106.864404,34.892985
610328,千阳县,4,610300,107.132421,34.642374
610329,麟游县,4,610300,107.793524,34.677902
610330,凤县,4,610300,106.515841,33.910797
610331,太白县,4,610300,107.318932,34.058299
610402,秦都区,4,610400,108.706347,34.329478
610403,杨陵区,4,610400,108.084661,34.272084
610404,渭城区,4,610400,108.737062,34.36202
610422,三原县,4,610400,108.940754,34.617282
610423,泾阳县,4,610400,108.843029,34.526557
610424,乾县,4,610400,108.239316,34.528262
610425,礼泉县,4,610400,108.424682,34.481875
610426,永寿县,4,610400,108.142197,34.69188
610428,长武县,4,610400,107.79906,35.206273
610429,旬邑县,4,610400,108.333815,35.111787
610430,淳化县,4,610400,108.580164,34.798596
610431,武功县,4,610400,108.200275,34.261026
610481,兴平市,4,610400,108.490497,34.299199
610482,彬州市,4,610400,108.081892,35.035702
610502,临渭区,4,610500,109.510051,34.498902
610503,华州区,4,610500,109.775765,34.497019
610522,潼关县,4,610500,110.246105,34.544294
610523,大荔县,4,610500,109.941784,34.797073
610524,合阳县,4,610500,110.149412,35.237881
610525,澄城县,4,610500,109.932439,35.190256
610526,蒲城县,4,610500,109.586263,34.955755
610527,白水县,4,610500,109.590501,35.177497
610528,富平县,4,610500,109.179903,34.751599
610581,韩城市,4,610500,110.44295,35.477145
610582,华阴市,4,610500,110.092286,34.566552
610602,宝塔区,4,610600,109.489726,36.585138
610603,安塞区,4,610600,109.329236,36.864571
610621,延长县,4,610600,110.012455,36.579354
610622,延川县,4,610600,110.193503,36.878324
610625,志丹县,4,610600,108.767816,36.822232
610626,吴起县,4,610600,108.176501,36.92746
610627,甘泉县,4,610600,109.351046,36.276645
610628,富县,4,610600,109.37884,35.988111
610629,洛川县,4,610600,109.43249,35.762626
610630,宜川县,4,610600,110.168963,36.050178
610631,黄龙县,4,610600,109.84029,35.584655
610632,黄陵县,4,610600,109.262919,35.579421
610681,子长市,4,610600,109.675284,37.142462
610702,汉台区,4,610700,107.03201,33.067523
610703,南郑区,4,610700,106.936235,33.000034
610722,城固县,4,610700,107.333787,33.156937
610723,洋县,4,610700,107.545678,33.222808
610724,西乡县,4,610700,107.766477,32.983282
610725,勉县,4,610700,106.673217,33.153636
610726,宁强县,4,610700,106.257636,32.830032
610727,略阳县,4,610700,106.15658,33.327293
610728,镇巴县,4,610700,107.895015,32.536706
610729,留坝县,4,610700,106.920781,33.617637
610730,佛坪县,4,610700,107.990551,33.524261
610802,榆阳区,4,610800,109.72054,38.277078
610803,横山区,4,610800,109.294144,37.962477
610822,府谷县,4,610800,111.016431,39.015658
610824,靖边县,4,610800,108.794153,37.600351
610825,定边县,4,610800,107.601048,37.594976
610826,绥德县,4,610800,110.263226,37.502984
610827,米脂县,4,610800,110.183984,37.755134
610828,佳县,4,610800,110.491345,38.01951
610829,吴堡县,4,610800,110.739726,37.452179
610830,清涧县,4,610800,110.121181,37.088921
610831,子洲县,4,610800,110.035124,37.610554
610881,神木市,4,610800,110.466867,38.899742
610902,汉滨区,4,610900,109.026928,32.695436
610921,汉阴县,4,610900,108.508792,32.893057
610922,石泉县,4,610900,108.248061,33.03805
610923,宁陕县,4,610900,108.314299,33.310284
610924,紫阳县,4,610900,108.534291,32.520209
610925,岚皋县,4,610900,108.902049,32.307001
610926,平利县,4,610900,109.361919,32.389061
610927,镇坪县,4,610900,109.526873,31.883672
610929,白河县,4,610900,110.112608,32.80901
610981,旬阳市,4,610900,109.361783,32.832213
611002,商州区,4,611000,109.941452,33.862979
611021,洛南县,4,611000,110.148526,34.090815
611022,丹凤县,4,611000,110.327542,33.696254
611023,商南县,4,611000,110.881741,33.531071
611024,山阳县,4,611000,109.882289,33.532172
611025,镇安县,4,611000,109.152833,33.423764
611026,柞水县,4,611000,109.114006,33.686048
620102,城关区,4,620100,103.825315,36.056948
620103,七里河区,4,620100,103.786261,36.066249
620104,西固区,4,620100,103.627966,36.08845
620105,安宁区,4,620100,103.718953,36.104493
620111,红古区,4,620100,102.859338,36.345768
620121,永登县,4,620100,103.260273,36.736457
620122,皋兰县,4,620100,103.947345,36.332434
620123,榆中县,4,620100,104.112541,35.843354
620171,兰州新区,4,620100,,
620201,嘉峪关市,4,620200,,
620302,金川区,4,620300,102.1939,38.520373
620321,永昌县,4,620300,101.984642,38.243534
620402,白银区,4,620400,104.14956,36.53469
620403,平川区,4,620400,104.825275,36.728494
620421,靖远县,4,620400,104.676202,36.571736
620422,会宁县,4,620400,105.052883,35.693241
620423,景泰县,4,620400,104.063125,37.18351
620502,秦州区,4,620500,105.724914,34.581187
620503,麦积区,4,620500,105.889452,34.571143
620521,清水县,4,620500,106.137318,34.749906
620522,秦安县,4,620500,105.675799,34.859094
620523,甘谷县,4,620500,105.340789,34.745447
620524,武山县,4,620500,104.89121,34.72183
620525,张家川回族自治县,4,620500,106.20513,34.988676
620602,凉州区,4,620600,102.641959,37.928217
620621,民勤县,4,620600,103.093671,38.624293
620622,古浪县,4,620600,102.897542,37.470882
620623,天祝藏族自治县,4,620600,103.142416,36.971978
620702,甘州区,4,620700,100.415324,38.944315
620721,肃南裕固族自治县,4,620700,99.627762,38.839221
620722,民乐县,4,620700,100.812047,38.430318
620723,临泽县,4,620700,100.164333,39.15224
620724,高台县,4,620700,99.819265,39.378294
620725,山丹县,4,620700,101.088611,38.7846
620802,崆峒区,4,620800,106.67489,35.542437
620821,泾川县,4,620800,107.367608,35.332992
620822,灵台县,4,620800,107.595874,35.070027
620823,崇信县,4,620800,107.025762,35.305648
620825,庄浪县,4,620800,106.036201,35.20266
620826,静宁县,4,620800,105.732165,35.522035
620881,华亭市,4,620800,106.628899,35.207695
620902,肃州区,4,620900,98.507834,39.74511
620921,金塔县,4,620900,98.901523,39.984146
620922,瓜州县,4,620900,95.782255,40.520457
620923,肃北蒙古族自治县,4,620900,94.876533,39.512158
620924,阿克塞哈萨克族自治县,4,620900,94.340202,39.633944
620981,玉门市,4,620900,97.045617,40.292344
620982,敦煌市,4,620900,94.66201,40.142141
621002,西峰区,4,621000,107.650563,35.730318
621021,庆城县,4,621000,107.881706,36.016125
621022,环县,4,621000,107.308788,36.568566
621023,华池县,4,621000,107.98972,36.461474
621024,合水县,4,621000,108.021859,35.833908
621025,正宁县,4,621000,108.359964,35.492158
621026,宁县,4,621000,107.913463,35.509252
621027,镇原县,4,621000,107.200888,35.677705
621102,安定区,4,621100,104.610647,35.580918
621121,通渭县,4,621100,105.242312,35.211311
621122,陇西县,4,621100,104.634928,35.003899
621123,渭源县,4,621100,104.215092,35.137028
621124,临洮县,4,621100,103.859446,35.394993
621125,漳县,4,621100,104.471722,34.84854
621126,岷县,4,621100,104.036731,34.43833
621202,武都区,4,621200,104.921861,33.400685
621221,成县,4,621200,105.729569,33.740547
621222,文县,4,621200,104.6835,32.944031
621223,宕昌县,4,621200,104.393385,34.047261
621224,康县,4,621200,105.608609,33.329212
621225,西和县,4,621200,105.298756,34.014215
621226,礼县,4,621200,105.17864,34.189345
621227,徽县,4,621200,106.087156,33.769927
621228,两当县,4,621200,106.304973,33.908952
622901,临夏市,4,622900,103.24222,35.604682
622921,临夏县,4,622900,103.04068,35.478726
622922,康乐县,4,622900,103.708507,35.370296
622923,永靖县,4,622900,103.285853,35.958306
622924,广河县,4,622900,103.575582,35.488248
622925,和政县,4,622900,103.350996,35.424602
622926,东乡族自治县,4,622900,103.388122,35.664409
622927,积石山保安族东乡族撒拉族自治县,4,622900,102.875939,35.717697
623001,合作市,4,623000,102.910305,35.000228
623021,临潭县,4,623000,103.353665,34.693009
623022,卓尼县,4,623000,103.506849,34.589476
623023,舟曲县,4,623000,104.251543,33.793695
623024,迭部县,4,623000,103.221735,34.055888
623025,玛曲县,4,623000,102.072608,33.998145
623026,碌曲县,4,623000,102.487512,34.591084
623027,夏河县,4,623000,102.548303,35.203857
630102,城东区,4,630100,101.803717,36.599744
630103,城中区,4,630100,101.705357,36.545545
630104,城西区,4,630100,101.765915,36.628288
630105,城北区,4,630100,101.766308,36.650064
630106,湟中区,4,630100,101.571683,36.501291
630121,大通回族土族自治县,4,630100,101.685503,36.926872
630123,湟源县,4,630100,101.256464,36.682426
630202,乐都区,4,630200,102.401614,36.482242
630203,平安区,4,630200,102.108538,36.500166
630222,民和回族土族自治县,4,630200,102.830775,36.320038
630223,互助土族自治县,4,630200,101.958519,36.844027
630224,化隆回族自治县,4,630200,102.031294,36.011257
630225,循化撒拉族自治县,4,630200,102.488958,35.851079
632221,门源回族自治县,4,632200,101.611524,37.388567
632222,祁连县,4,632200,100.253211,38.177112
632223,海晏县,4,632200,100.994521,36.896667
632224,刚察县,4,632200,100.145662,37.325096
632301,同仁市,4,632300,102.018663,35.515769
632322,尖扎县,4,632300,102.040094,35.943253
632323,泽库县,4,632300,101.466565,35.035322
632324,河南蒙古族自治县,4,632300,101.617719,34.734777
632521,共和县,4,632500,100.619405,36.284158
632522,同德县,4,632500,100.577859,35.254297
632523,贵德县,4,632500,101.43403,36.039672
632524,兴海县,4,632500,99.987799,35.589086
632525,贵南县,4,632500,100.747731,35.587239
632621,玛沁县,4,632600,100.238873,34.478049
632622,班玛县,4,632600,100.737138,32.932723
632623,甘德县,4,632600,99.900923,33.969216
632624,达日县,4,632600,99.651863,33.739293
632625,久治县,4,632600,101.482831,33.429471
632626,玛多县,4,632600,98.209217,34.915645
632701,玉树市,4,632700,97.009184,32.992934
632722,杂多县,4,632700,95.300723,32.893185
632723,称多县,4,632700,97.109487,33.377504
632724,治多县,4,632700,95.618954,33.844854
632725,囊谦县,4,632700,96.489538,32.203193
632726,曲麻莱县,4,632700,95.805463,34.137353
632801,格尔木市,4,632800,94.928293,36.407272
632802,德令哈市,4,632800,97.361528,37.369865
632803,茫崖市,4,632800,90.856372,38.247537
632821,乌兰县,4,632800,98.47988,36.941279
632822,都兰县,4,632800,98.095889,36.302098
632823,天峻县,4,632800,99.02297,37.301206
632857,大柴旦行政委员会,4,632800,,
640104,兴庆区,4,640100,106.288452,38.473972
640105,西夏区,4,640100,106.161208,38.502325
640106,金凤区,4,640100,106.239339,38.474277
640121,永宁县,4,640100,106.25337,38.277376
640122,贺兰县,4,640100,106.365074,38.579147
640181,灵武市,4,640100,106.339978,38.102456
640202,大武口区,4,640200,106.379323,39.018409
640205,惠农区,4,640200,106.781013,39.239292
640221,平罗县,4,640200,106.523411,38.913923
640302,利通区,4,640300,106.235842,38.00298
640303,红寺堡区,4,640300,106.06216,37.425494
640323,盐池县,4,640300,107.407184,37.783276
640324,同心县,4,640300,105.895412,36.954635
640381,青铜峡市,4,640300,106.07906,38.021579
640402,原州区,4,640400,106.28784,36.003777
640422,西吉县,4,640400,105.729189,35.963885
640423,隆德县,4,640400,106.111321,35.62592
640424,泾源县,4,640400,106.330569,35.497887
640425,彭阳县,4,640400,106.632151,35.860067
640502,沙坡头区,4,640500,105.173875,37.516859
640521,中宁县,4,640500,105.684729,37.492092
640522,海原县,4,640500,105.643449,36.565189
650102,天山区,4,650100,87.631986,43.794312
650103,沙依巴克区,4,650100,87.598043,43.800994
650104,新市区,4,650100,87.592684,43.893023
650105,水磨沟区,4,650100,87.64208,43.832714
650106,头屯河区,4,650100,87.42582303,43.87605225
650107,达坂城区,4,650100,88.311099,43.363668
650109,米东区,4,650100,87.655122,43.97444
650121,乌鲁木齐县,4,650100,87.464257,43.509016
650202,独山子区,4,650200,84.886973,44.328096
650203,克拉玛依区,4,650200,84.867862,45.602347
650204,白碱滩区,4,650200,85.119047,45.685416
650205,乌尔禾区,4,650200,85.687497,46.093451
650402,高昌区,4,650400,89.185891,42.942728
650421,鄯善县,4,650400,90.242843,42.900575
650422,托克逊县,4,650400,88.643739,42.802585
650502,伊州区,4,650500,93.425934,42.835492
650521,巴里坤哈萨克自治县,4,650500,93.016563,43.598756
650522,伊吾县,4,650500,94.697074,43.254978
652301,昌吉市,4,652300,87.267432,44.014468
652302,阜康市,4,652300,87.953826,44.164525
652323,呼图壁县,4,652300,86.871532,44.179362
652324,玛纳斯县,4,652300,86.20488,44.284601
652325,奇台县,4,652300,89.590929,44.021383
652327,吉木萨尔县,4,652300,89.179698,44.000404
652328,木垒哈萨克自治县,4,652300,90.286013,43.834631
652701,博乐市,4,652700,82.051433,44.853882
652702,阿拉山口市,4,652700,82.554609,45.173274
652722,精河县,4,652700,82.890709,44.599202
652723,温泉县,4,652700,81.024827,44.968857
652801,库尔勒市,4,652800,86.174633,41.725891
652822,轮台县,4,652800,84.251508,41.778043
652823,尉犁县,4,652800,86.261613,41.343871
652824,若羌县,4,652800,88.167226,39.022626
652825,且末县,4,652800,85.529619,38.145749
652826,焉耆回族自治县,4,652800,86.57434,42.059509
652827,和静县,4,652800,86.384065,42.323625
652828,和硕县,4,652800,86.877688,42.28361
652829,博湖县,4,652800,86.632116,41.980745
652871,库尔勒经济技术开发区,4,652800,,
652901,阿克苏市,4,652900,80.263387,41.16755
652902,库车市,4,652900,82.998544,41.719073
652922,温宿县,4,652900,80.231563,41.273561
652924,沙雅县,4,652900,82.781774,41.221413
652925,新和县,4,652900,82.620371,41.552097
652926,拜城县,4,652900,81.851289,41.795289
652927,乌什县,4,652900,79.22118,41.222706
652928,阿瓦提县,4,652900,80.375053,40.643647
652929,柯坪县,4,652900,79.054019,40.501645
653001,阿图什市,4,653000,76.084541,39.667719
653022,阿克陶县,4,653000,75.955053,39.147592
653023,阿合奇县,4,653000,78.402073,40.937581
653024,乌恰县,4,653000,75.259228,39.7205
653101,喀什市,4,653100,75.993936,39.46823
653121,疏附县,4,653100,75.862839,39.375052
653122,疏勒县,4,653100,76.047169,39.401173
653123,英吉沙县,4,653100,76.175729,38.930381
653124,泽普县,4,653100,77.260375,38.184639
653125,莎车县,4,653100,77.223197,38.390881
653126,叶城县,4,653100,77.413669,37.882994
653127,麦盖提县,4,653100,77.609099,38.898986
653128,岳普湖县,4,653100,76.821269,39.219857
653129,伽师县,4,653100,76.723719,39.488181
653130,巴楚县,4,653100,78.54799,39.79923
653131,塔什库尔干塔吉克自治县,4,653100,75.229889,37.772094
653201,和田市,4,653200,79.912881,37.112246
653221,和田县,4,653200,79.848009,37.248776
653222,墨玉县,4,653200,79.728434,37.277518
653223,皮山县,4,653200,78.28548,37.578264
653224,洛浦县,4,653200,80.179911,37.066226
653225,策勒县,4,653200,80.801433,36.99785
653226,于田县,4,653200,81.677417,36.85708
653227,民丰县,4,653200,82.695946,37.064428
654002,伊宁市,4,654000,81.277715,43.908021
654003,奎屯市,4,654000,84.903216,44.426452
654004,霍尔果斯市,4,654000,80.414614,44.218381
654021,伊宁县,4,654000,81.52745,43.977119
654022,察布查尔锡伯自治县,4,654000,81.151337,43.840726
654023,霍城县,4,654000,80.878845,44.056329
654024,巩留县,4,654000,82.231219,43.48313
654025,新源县,4,654000,83.233002,43.434803
654026,昭苏县,4,654000,81.130974,43.157293
654027,特克斯县,4,654000,81.835732,43.218435
654028,尼勒克县,4,654000,82.511884,43.798627
654201,塔城市,4,654200,82.986923,46.751669
654202,乌苏市,4,654200,84.713762,44.418693
654203,沙湾市,4,654200,85.619483,44.326267
654221,额敏县,4,654200,83.628303,46.524673
654224,托里县,4,654200,83.606372,45.948935
654225,裕民县,4,654200,82.982252,46.201049
654226,和布克赛尔蒙古自治县,4,654200,85.728328,46.793235
654301,阿勒泰市,4,654300,88.131842,47.827308
654321,布尔津县,4,654300,86.875043,47.701892
654322,富蕴县,4,654300,89.525463,46.994046
654323,福海县,4,654300,87.486703,47.111918
654324,哈巴河县,4,654300,86.418621,48.060846
654325,青河县,4,654300,90.375159,46.678532
654326,吉木乃县,4,654300,85.874096,47.443101
659001,石河子市,4,659000,85.982288,44.289311
659002,阿拉尔市,4,659000,80.403007,41.029144
659003,图木舒克市,4,659000,77.37282,37.444967
659004,五家渠市,4,659000,87.50816,44.188534
659005,北屯市,4,659000,87.871109,47.357426
659006,铁门关市,4,659000,85.322762,38.18622
659007,双河市,4,659000,82.473143,44.826624
659008,可克达拉市,4,659000,81.021339,43.908278
659009,昆玉市,4,659000,79.377194,37.416433
659010,胡杨河市,4,659000,84.642314,44.75404
659011,新星市,4,659000,93.719461,42.567696
